Event,Fight,Fighter,Round,KD,TotStr,TD,TdPct,SubAtt,Rev,CtrlTime,SigStr,SigStrPct,Head,Body,Leg,Distance,Clinch,Ground
UFC 293: Adesanya vs. Strickland,Israel Adesanya vs. Sean Strickland,Israel Adesanya,1,0,12 of 39,0 of 0,---,0,0,0:00,12 of 39,30%,1 of 20,3 of 7,8 of 12,12 of 39,0 of 0,0 of 0
UFC 293: Adesanya vs. Strickland,Israel Adesanya vs. Sean Strickland,Israel Adesanya,2,0,20 of 64,0 of 0,---,0,0,0:00,20 of 64,31%,3 of 35,7 of 12,10 of 17,20 of 64,0 of 0,0 of 0
UFC 293: Adesanya vs. Strickland,Israel Adesanya vs. Sean Strickland,Israel Adesanya,3,0,21 of 57,0 of 0,---,0,0,0:00,21 of 57,36%,4 of 27,10 of 17,7 of 13,21 of 57,0 of 0,0 of 0
UFC 293: Adesanya vs. Strickland,Israel Adesanya vs. Sean Strickland,Israel Adesanya,4,0,20 of 51,0 of 0,---,0,0,0:00,20 of 51,39%,10 of 35,7 of 10,3 of 6,20 of 51,0 of 0,0 of 0
UFC 293: Adesanya vs. Strickland,Israel Adesanya vs. Sean Strickland,Israel Adesanya,5,0,21 of 60,0 of 0,---,0,0,0:00,21 of 60,35%,4 of 37,11 of 14,6 of 9,21 of 60,0 of 0,0 of 0
UFC 293: Adesanya vs. Strickland,Israel Adesanya vs. Sean Strickland,Sean Strickland,1,1,27 of 52,0 of 0,---,0,0,0:14,27 of 52,51%,22 of 42,1 of 4,4 of 6,11 of 28,11 of 14,5 of 10
UFC 293: Adesanya vs. Strickland,Israel Adesanya vs. Sean Strickland,Sean Strickland,2,0,16 of 32,0 of 0,---,0,0,0:00,16 of 32,50%,11 of 22,5 of 8,0 of 2,16 of 32,0 of 0,0 of 0
UFC 293: Adesanya vs. Strickland,Israel Adesanya vs. Sean Strickland,Sean Strickland,3,0,20 of 41,0 of 0,---,0,0,0:00,20 of 41,48%,12 of 32,8 of 9,0 of 0,20 of 41,0 of 0,0 of 0
UFC 293: Adesanya vs. Strickland,Israel Adesanya vs. Sean Strickland,Sean Strickland,4,0,38 of 63,0 of 0,---,0,0,0:00,38 of 63,60%,22 of 46,15 of 16,1 of 1,38 of 63,0 of 0,0 of 0
UFC 293: Adesanya vs. Strickland,Israel Adesanya vs. Sean Strickland,Sean Strickland,5,0,36 of 71,0 of 0,---,0,0,0:00,36 of 71,50%,18 of 44,16 of 25,2 of 2,36 of 71,0 of 0,0 of 0
UFC 293: Adesanya vs. Strickland,Tai Tuivasa vs. Alexander Volkov,Tai Tuivasa,1,0,16 of 40,0 of 0,---,0,0,0:00,15 of 39,38%,0 of 16,5 of 7,10 of 16,15 of 39,0 of 0,0 of 0
UFC 293: Adesanya vs. Strickland,Tai Tuivasa vs. Alexander Volkov,Tai Tuivasa,2,0,14 of 29,0 of 0,---,0,0,0:00,13 of 28,46%,4 of 15,2 of 2,7 of 11,11 of 26,2 of 2,0 of 0
UFC 293: Adesanya vs. Strickland,Tai Tuivasa vs. Alexander Volkov,Alexander Volkov,1,1,53 of 86,0 of 1,0%,0,0,0:07,51 of 83,61%,29 of 56,13 of 16,9 of 11,50 of 82,1 of 1,0 of 0
UFC 293: Adesanya vs. Strickland,Tai Tuivasa vs. Alexander Volkov,Alexander Volkov,2,0,54 of 78,0 of 0,---,1,0,2:28,42 of 60,70%,36 of 54,5 of 5,1 of 1,22 of 33,2 of 2,18 of 25
UFC 293: Adesanya vs. Strickland,Manel Kape vs. Felipe dos Santos,Manel Kape,1,1,38 of 57,0 of 0,---,0,0,0:28,36 of 55,65%,18 of 35,13 of 15,5 of 5,28 of 43,2 of 2,6 of 10
UFC 293: Adesanya vs. Strickland,Manel Kape vs. Felipe dos Santos,Manel Kape,2,0,37 of 61,0 of 0,---,0,0,0:00,37 of 61,60%,26 of 46,7 of 8,4 of 7,32 of 53,3 of 6,2 of 2
UFC 293: Adesanya vs. Strickland,Manel Kape vs. Felipe dos Santos,Manel Kape,3,0,41 of 68,1 of 1,100%,0,0,0:17,39 of 66,59%,33 of 56,4 of 7,2 of 3,32 of 53,1 of 1,6 of 12
UFC 293: Adesanya vs. Strickland,Manel Kape vs. Felipe dos Santos,Felipe dos Santos,1,0,32 of 96,0 of 3,0%,0,0,0:08,32 of 96,33%,13 of 65,13 of 20,6 of 11,31 of 92,1 of 4,0 of 0
UFC 293: Adesanya vs. Strickland,Manel Kape vs. Felipe dos Santos,Felipe dos Santos,2,0,35 of 103,0 of 1,0%,0,0,0:00,35 of 102,34%,19 of 69,9 of 22,7 of 11,34 of 100,1 of 2,0 of 0
UFC 293: Adesanya vs. Strickland,Manel Kape vs. Felipe dos Santos,Felipe dos Santos,3,0,34 of 111,0 of 1,0%,0,0,0:00,32 of 106,30%,21 of 81,6 of 18,5 of 7,29 of 100,2 of 2,1 of 4
UFC 293: Adesanya vs. Strickland,Justin Tafa vs. Austen Lane,Justin Tafa,1,1,11 of 14,0 of 0,---,0,0,0:05,11 of 14,78%,9 of 11,0 of 0,2 of 3,6 of 9,0 of 0,5 of 5
UFC 293: Adesanya vs. Strickland,Justin Tafa vs. Austen Lane,Austen Lane,1,0,7 of 15,0 of 0,---,0,0,0:00,7 of 14,50%,3 of 9,1 of 2,3 of 3,7 of 14,0 of 0,0 of 0
UFC 293: Adesanya vs. Strickland,Tyson Pedro vs. Anton Turkalj,Tyson Pedro,1,1,16 of 29,0 of 0,---,0,0,0:03,16 of 29,55%,12 of 24,1 of 2,3 of 3,15 of 28,0 of 0,1 of 1
UFC 293: Adesanya vs. Strickland,Tyson Pedro vs. Anton Turkalj,Anton Turkalj,1,0,9 of 25,0 of 0,---,0,0,0:00,8 of 24,33%,3 of 13,1 of 1,4 of 10,6 of 21,2 of 3,0 of 0
UFC 293: Adesanya vs. Strickland,Carlos Ulberg vs. Da Woon Jung,Carlos Ulberg,1,1,21 of 38,0 of 0,---,0,0,0:03,19 of 36,52%,7 of 22,7 of 8,5 of 6,17 of 31,1 of 2,1 of 3
UFC 293: Adesanya vs. Strickland,Carlos Ulberg vs. Da Woon Jung,Carlos Ulberg,2,0,24 of 55,0 of 0,---,0,0,0:00,24 of 55,43%,21 of 51,3 of 4,0 of 0,24 of 55,0 of 0,0 of 0
UFC 293: Adesanya vs. Strickland,Carlos Ulberg vs. Da Woon Jung,Carlos Ulberg,3,0,46 of 72,1 of 2,50%,1,0,1:38,38 of 63,60%,22 of 46,10 of 11,6 of 6,18 of 40,7 of 7,13 of 16
UFC 293: Adesanya vs. Strickland,Carlos Ulberg vs. Da Woon Jung,Da Woon Jung,1,0,17 of 30,0 of 0,---,0,0,0:00,17 of 30,56%,0 of 5,3 of 4,14 of 21,17 of 29,0 of 1,0 of 0
UFC 293: Adesanya vs. Strickland,Carlos Ulberg vs. Da Woon Jung,Da Woon Jung,2,0,23 of 44,0 of 0,---,0,0,0:00,23 of 44,52%,4 of 18,4 of 9,15 of 17,23 of 44,0 of 0,0 of 0
UFC 293: Adesanya vs. Strickland,Carlos Ulberg vs. Da Woon Jung,Da Woon Jung,3,0,20 of 49,1 of 2,50%,0,0,0:15,18 of 46,39%,10 of 36,5 of 7,3 of 3,15 of 42,3 of 4,0 of 0
UFC 293: Adesanya vs. Strickland,Jack Jenkins vs. Chepe Mariscal,Jack Jenkins,1,0,33 of 52,0 of 0,---,0,0,0:00,31 of 50,62%,14 of 27,7 of 11,10 of 12,29 of 47,2 of 3,0 of 0
UFC 293: Adesanya vs. Strickland,Jack Jenkins vs. Chepe Mariscal,Jack Jenkins,2,0,10 of 18,0 of 1,0%,0,0,0:07,10 of 18,55%,2 of 9,6 of 7,2 of 2,6 of 13,4 of 5,0 of 0
UFC 293: Adesanya vs. Strickland,Jack Jenkins vs. Chepe Mariscal,Chepe Mariscal,1,0,38 of 78,0 of 0,---,0,0,0:27,23 of 60,38%,10 of 41,8 of 11,5 of 8,18 of 52,5 of 8,0 of 0
UFC 293: Adesanya vs. Strickland,Jack Jenkins vs. Chepe Mariscal,Chepe Mariscal,2,0,49 of 65,1 of 1,100%,0,0,2:19,15 of 27,55%,4 of 12,3 of 5,8 of 10,5 of 13,9 of 13,1 of 1
UFC 293: Adesanya vs. Strickland,Jamie Mullarkey vs. John Makdessi,Jamie Mullarkey,1,0,22 of 45,0 of 0,---,0,0,0:00,22 of 45,48%,5 of 24,4 of 8,13 of 13,22 of 45,0 of 0,0 of 0
UFC 293: Adesanya vs. Strickland,Jamie Mullarkey vs. John Makdessi,Jamie Mullarkey,2,0,37 of 62,0 of 1,0%,0,0,0:00,37 of 62,59%,17 of 40,8 of 10,12 of 12,37 of 62,0 of 0,0 of 0
UFC 293: Adesanya vs. Strickland,Jamie Mullarkey vs. John Makdessi,Jamie Mullarkey,3,0,29 of 72,0 of 1,0%,0,0,0:00,29 of 72,40%,16 of 56,1 of 2,12 of 14,29 of 72,0 of 0,0 of 0
UFC 293: Adesanya vs. Strickland,Jamie Mullarkey vs. John Makdessi,John Makdessi,1,0,24 of 51,0 of 0,---,0,0,0:00,24 of 51,47%,6 of 27,10 of 16,8 of 8,24 of 51,0 of 0,0 of 0
UFC 293: Adesanya vs. Strickland,Jamie Mullarkey vs. John Makdessi,John Makdessi,2,0,21 of 61,0 of 0,---,0,0,0:00,21 of 61,34%,11 of 40,5 of 16,5 of 5,21 of 61,0 of 0,0 of 0
UFC 293: Adesanya vs. Strickland,Jamie Mullarkey vs. John Makdessi,John Makdessi,3,0,40 of 78,0 of 1,0%,0,0,0:00,38 of 76,50%,20 of 52,7 of 13,11 of 11,38 of 76,0 of 0,0 of 0
UFC 293: Adesanya vs. Strickland,Nasrat Haqparast vs. Landon Quinones,Nasrat Haqparast,1,0,43 of 98,0 of 0,---,0,0,0:09,43 of 98,43%,26 of 77,17 of 21,0 of 0,42 of 97,1 of 1,0 of 0
UFC 293: Adesanya vs. Strickland,Nasrat Haqparast vs. Landon Quinones,Nasrat Haqparast,2,0,60 of 136,0 of 2,0%,0,0,0:11,59 of 135,43%,42 of 111,17 of 24,0 of 0,51 of 121,8 of 14,0 of 0
UFC 293: Adesanya vs. Strickland,Nasrat Haqparast vs. Landon Quinones,Nasrat Haqparast,3,0,69 of 144,0 of 3,0%,0,0,0:01,69 of 144,47%,46 of 116,23 of 28,0 of 0,68 of 143,1 of 1,0 of 0
UFC 293: Adesanya vs. Strickland,Nasrat Haqparast vs. Landon Quinones,Landon Quinones,1,0,47 of 106,0 of 0,---,0,0,0:11,44 of 103,42%,14 of 68,13 of 16,17 of 19,43 of 102,1 of 1,0 of 0
UFC 293: Adesanya vs. Strickland,Nasrat Haqparast vs. Landon Quinones,Landon Quinones,2,0,55 of 117,0 of 0,---,0,0,0:30,54 of 115,46%,31 of 87,13 of 17,10 of 11,45 of 103,9 of 12,0 of 0
UFC 293: Adesanya vs. Strickland,Nasrat Haqparast vs. Landon Quinones,Landon Quinones,3,0,50 of 136,0 of 0,---,0,0,0:00,50 of 136,36%,34 of 118,11 of 13,5 of 5,49 of 135,1 of 1,0 of 0
UFC 293: Adesanya vs. Strickland,Blood Diamond vs. Charles Radtke,Blood Diamond,1,0,9 of 19,0 of 1,0%,0,0,0:00,4 of 13,30%,2 of 11,2 of 2,0 of 0,2 of 10,2 of 3,0 of 0
UFC 293: Adesanya vs. Strickland,Blood Diamond vs. Charles Radtke,Blood Diamond,2,0,24 of 48,0 of 1,0%,0,0,0:07,13 of 34,38%,2 of 17,8 of 12,3 of 5,6 of 22,7 of 12,0 of 0
UFC 293: Adesanya vs. Strickland,Blood Diamond vs. Charles Radtke,Blood Diamond,3,0,42 of 69,0 of 1,0%,0,0,0:14,27 of 47,57%,15 of 30,9 of 14,3 of 3,11 of 26,16 of 21,0 of 0
UFC 293: Adesanya vs. Strickland,Blood Diamond vs. Charles Radtke,Charles Radtke,1,0,18 of 28,1 of 2,50%,0,0,3:55,4 of 11,36%,4 of 11,0 of 0,0 of 0,3 of 8,1 of 3,0 of 0
UFC 293: Adesanya vs. Strickland,Blood Diamond vs. Charles Radtke,Charles Radtke,2,0,25 of 46,0 of 1,0%,0,0,2:43,20 of 39,51%,18 of 37,2 of 2,0 of 0,17 of 31,3 of 8,0 of 0
UFC 293: Adesanya vs. Strickland,Blood Diamond vs. Charles Radtke,Charles Radtke,3,0,20 of 38,0 of 3,0%,0,0,3:03,11 of 26,42%,9 of 24,2 of 2,0 of 0,7 of 20,4 of 6,0 of 0
UFC 293: Adesanya vs. Strickland,Shane Young vs. Gabriel Miranda,Shane Young,1,0,1 of 4,0 of 0,---,0,0,0:00,1 of 4,25%,0 of 2,1 of 2,0 of 0,1 of 4,0 of 0,0 of 0
UFC 293: Adesanya vs. Strickland,Shane Young vs. Gabriel Miranda,Gabriel Miranda,1,0,2 of 6,1 of 2,50%,1,0,0:32,2 of 6,33%,0 of 2,1 of 2,1 of 2,2 of 6,0 of 0,0 of 0
UFC Fight Night: Gane vs. Spivac,Ciryl Gane vs. Serghei Spivac,Ciryl Gane,1,0,52 of 70,0 of 0,---,0,0,0:09,51 of 69,73%,19 of 32,19 of 24,13 of 13,50 of 68,1 of 1,0 of 0
UFC Fight Night: Gane vs. Spivac,Ciryl Gane vs. Serghei Spivac,Ciryl Gane,2,0,58 of 87,0 of 0,---,0,0,0:00,58 of 87,66%,29 of 53,20 of 25,9 of 9,55 of 84,3 of 3,0 of 0
UFC Fight Night: Gane vs. Spivac,Ciryl Gane vs. Serghei Spivac,Serghei Spivac,1,0,7 of 26,0 of 1,0%,0,0,0:02,7 of 26,26%,5 of 23,1 of 1,1 of 2,7 of 26,0 of 0,0 of 0
UFC Fight Night: Gane vs. Spivac,Ciryl Gane vs. Serghei Spivac,Serghei Spivac,2,0,4 of 18,0 of 0,---,0,0,0:00,4 of 18,22%,2 of 15,1 of 2,1 of 1,4 of 18,0 of 0,0 of 0
UFC Fight Night: Gane vs. Spivac,Manon Fiorot vs. Rose Namajunas,Manon Fiorot,1,0,18 of 89,0 of 0,---,0,0,0:00,18 of 88,20%,14 of 82,2 of 4,2 of 2,18 of 88,0 of 0,0 of 0
UFC Fight Night: Gane vs. Spivac,Manon Fiorot vs. Rose Namajunas,Manon Fiorot,2,0,23 of 75,0 of 1,0%,0,0,0:24,19 of 69,27%,11 of 55,7 of 11,1 of 3,17 of 62,2 of 7,0 of 0
UFC Fight Night: Gane vs. Spivac,Manon Fiorot vs. Rose Namajunas,Manon Fiorot,3,0,21 of 68,0 of 0,---,0,0,0:00,21 of 68,30%,14 of 60,6 of 7,1 of 1,18 of 64,2 of 3,1 of 1
UFC Fight Night: Gane vs. Spivac,Manon Fiorot vs. Rose Namajunas,Rose Namajunas,1,0,23 of 57,0 of 2,0%,0,0,0:00,23 of 56,41%,11 of 37,4 of 8,8 of 11,23 of 56,0 of 0,0 of 0
UFC Fight Night: Gane vs. Spivac,Manon Fiorot vs. Rose Namajunas,Rose Namajunas,2,0,15 of 41,0 of 2,0%,0,0,0:12,15 of 40,37%,10 of 31,4 of 8,1 of 1,14 of 38,1 of 2,0 of 0
UFC Fight Night: Gane vs. Spivac,Manon Fiorot vs. Rose Namajunas,Rose Namajunas,3,0,22 of 54,0 of 2,0%,0,0,0:13,22 of 54,40%,11 of 39,7 of 10,4 of 5,22 of 54,0 of 0,0 of 0
UFC Fight Night: Gane vs. Spivac,Benoit Saint Denis vs. Thiago Moises,Benoit Saint Denis,1,0,57 of 95,1 of 3,33%,0,0,2:18,41 of 77,53%,18 of 49,15 of 19,8 of 9,30 of 50,2 of 6,9 of 21
UFC Fight Night: Gane vs. Spivac,Benoit Saint Denis vs. Thiago Moises,Benoit Saint Denis,2,0,66 of 115,4 of 6,66%,0,0,3:02,60 of 105,57%,31 of 74,13 of 15,16 of 16,12 of 21,8 of 8,40 of 76
UFC Fight Night: Gane vs. Spivac,Benoit Saint Denis vs. Thiago Moises,Thiago Moises,1,0,19 of 47,0 of 1,0%,1,0,0:00,18 of 45,40%,9 of 32,7 of 11,2 of 2,18 of 45,0 of 0,0 of 0
UFC Fight Night: Gane vs. Spivac,Benoit Saint Denis vs. Thiago Moises,Thiago Moises,2,0,8 of 20,1 of 2,50%,0,0,0:14,6 of 17,35%,3 of 14,3 of 3,0 of 0,5 of 14,1 of 3,0 of 0
UFC Fight Night: Gane vs. Spivac,Volkan Oezdemir vs. Bogdan Guskov,Volkan Oezdemir,1,1,36 of 64,1 of 1,100%,1,0,1:23,26 of 46,56%,19 of 37,1 of 2,6 of 7,15 of 32,1 of 1,10 of 13
UFC Fight Night: Gane vs. Spivac,Volkan Oezdemir vs. Bogdan Guskov,Bogdan Guskov,1,0,10 of 27,0 of 0,---,0,0,0:00,8 of 25,32%,7 of 23,1 of 1,0 of 1,8 of 24,0 of 1,0 of 0
UFC Fight Night: Gane vs. Spivac,William Gomis vs. Yanis Ghemmouri,William Gomis,1,0,27 of 46,0 of 0,---,0,0,0:00,27 of 46,58%,3 of 12,0 of 6,24 of 28,27 of 46,0 of 0,0 of 0
UFC Fight Night: Gane vs. Spivac,William Gomis vs. Yanis Ghemmouri,William Gomis,2,0,19 of 34,0 of 0,---,2,0,0:55,14 of 27,51%,3 of 12,3 of 6,8 of 9,12 of 25,2 of 2,0 of 0
UFC Fight Night: Gane vs. Spivac,William Gomis vs. Yanis Ghemmouri,William Gomis,3,0,15 of 19,0 of 0,---,0,0,0:00,11 of 15,73%,4 of 6,3 of 3,4 of 6,8 of 11,3 of 4,0 of 0
UFC Fight Night: Gane vs. Spivac,William Gomis vs. Yanis Ghemmouri,Yanis Ghemmouri,1,0,16 of 39,0 of 0,---,0,0,0:00,16 of 39,41%,0 of 11,2 of 3,14 of 25,16 of 39,0 of 0,0 of 0
UFC Fight Night: Gane vs. Spivac,William Gomis vs. Yanis Ghemmouri,Yanis Ghemmouri,2,0,15 of 30,0 of 2,0%,0,0,1:32,8 of 22,36%,0 of 7,4 of 6,4 of 9,5 of 19,3 of 3,0 of 0
UFC Fight Night: Gane vs. Spivac,William Gomis vs. Yanis Ghemmouri,Yanis Ghemmouri,3,0,9 of 19,0 of 2,0%,0,0,1:10,4 of 12,33%,0 of 6,1 of 2,3 of 4,3 of 11,1 of 1,0 of 0
UFC Fight Night: Gane vs. Spivac,Morgan Charriere vs. Manolo Zecchini,Morgan Charriere,1,1,26 of 49,0 of 0,---,0,0,0:03,26 of 49,53%,16 of 37,7 of 8,3 of 4,25 of 47,1 of 1,0 of 1
UFC Fight Night: Gane vs. Spivac,Morgan Charriere vs. Manolo Zecchini,Manolo Zecchini,1,0,9 of 41,0 of 0,---,0,0,0:00,9 of 41,21%,5 of 30,1 of 4,3 of 7,9 of 41,0 of 0,0 of 0
UFC Fight Night: Gane vs. Spivac,Taylor Lapilus vs. Caolan Loughran,Taylor Lapilus,1,0,31 of 58,0 of 0,---,0,0,0:00,30 of 57,52%,25 of 51,5 of 6,0 of 0,27 of 52,2 of 4,1 of 1
UFC Fight Night: Gane vs. Spivac,Taylor Lapilus vs. Caolan Loughran,Taylor Lapilus,2,0,19 of 37,0 of 0,---,0,0,0:10,19 of 37,51%,9 of 25,6 of 8,4 of 4,16 of 32,3 of 5,0 of 0
UFC Fight Night: Gane vs. Spivac,Taylor Lapilus vs. Caolan Loughran,Taylor Lapilus,3,0,37 of 71,0 of 0,---,0,0,0:08,35 of 69,50%,25 of 57,7 of 9,3 of 3,33 of 66,2 of 3,0 of 0
UFC Fight Night: Gane vs. Spivac,Taylor Lapilus vs. Caolan Loughran,Caolan Loughran,1,0,20 of 58,1 of 2,50%,0,0,1:47,19 of 57,33%,11 of 44,7 of 10,1 of 3,17 of 53,1 of 3,1 of 1
UFC Fight Night: Gane vs. Spivac,Taylor Lapilus vs. Caolan Loughran,Caolan Loughran,2,0,28 of 53,1 of 1,100%,0,0,2:55,8 of 21,38%,5 of 14,2 of 6,1 of 1,7 of 20,1 of 1,0 of 0
UFC Fight Night: Gane vs. Spivac,Taylor Lapilus vs. Caolan Loughran,Caolan Loughran,3,0,22 of 55,0 of 8,0%,0,0,1:44,21 of 54,38%,12 of 42,4 of 7,5 of 5,20 of 52,1 of 2,0 of 0
UFC Fight Night: Gane vs. Spivac,Ange Loosa vs. Rhys McKee,Ange Loosa,1,0,34 of 74,1 of 2,50%,0,0,0:56,32 of 71,45%,15 of 46,12 of 20,5 of 5,23 of 55,7 of 13,2 of 3
UFC Fight Night: Gane vs. Spivac,Ange Loosa vs. Rhys McKee,Ange Loosa,2,0,66 of 102,3 of 3,100%,0,0,2:44,54 of 82,65%,46 of 71,6 of 8,2 of 3,13 of 26,25 of 36,16 of 20
UFC Fight Night: Gane vs. Spivac,Ange Loosa vs. Rhys McKee,Ange Loosa,3,0,24 of 44,2 of 5,40%,0,0,2:27,12 of 29,41%,10 of 27,1 of 1,1 of 1,9 of 22,0 of 2,3 of 5
UFC Fight Night: Gane vs. Spivac,Ange Loosa vs. Rhys McKee,Rhys McKee,1,0,30 of 79,0 of 0,---,0,0,0:01,29 of 78,37%,14 of 58,9 of 11,6 of 9,29 of 78,0 of 0,0 of 0
UFC Fight Night: Gane vs. Spivac,Ange Loosa vs. Rhys McKee,Rhys McKee,2,0,17 of 41,0 of 0,---,0,0,0:00,16 of 38,42%,9 of 30,4 of 5,3 of 3,16 of 38,0 of 0,0 of 0
UFC Fight Night: Gane vs. Spivac,Ange Loosa vs. Rhys McKee,Rhys McKee,3,0,43 of 78,0 of 0,---,0,0,0:04,32 of 67,47%,25 of 57,6 of 9,1 of 1,25 of 56,5 of 8,2 of 3
UFC Fight Night: Gane vs. Spivac,Nora Cornolle vs. Joselyne Edwards,Nora Cornolle,1,0,30 of 44,0 of 0,---,0,1,0:28,16 of 24,66%,3 of 10,7 of 7,6 of 7,9 of 17,7 of 7,0 of 0
UFC Fight Night: Gane vs. Spivac,Nora Cornolle vs. Joselyne Edwards,Nora Cornolle,2,0,15 of 26,0 of 0,---,0,1,0:46,4 of 12,33%,2 of 8,0 of 1,2 of 3,4 of 10,0 of 2,0 of 0
UFC Fight Night: Gane vs. Spivac,Nora Cornolle vs. Joselyne Edwards,Nora Cornolle,3,0,40 of 64,0 of 0,---,0,1,0:57,20 of 41,48%,7 of 19,10 of 16,3 of 6,4 of 12,16 of 29,0 of 0
UFC Fight Night: Gane vs. Spivac,Nora Cornolle vs. Joselyne Edwards,Joselyne Edwards,1,0,24 of 36,1 of 2,50%,0,0,3:04,7 of 14,50%,3 of 6,2 of 2,2 of 6,5 of 12,2 of 2,0 of 0
UFC Fight Night: Gane vs. Spivac,Nora Cornolle vs. Joselyne Edwards,Joselyne Edwards,2,0,31 of 48,3 of 3,100%,0,0,2:47,4 of 12,33%,1 of 6,2 of 3,1 of 3,3 of 9,1 of 2,0 of 1
UFC Fight Night: Gane vs. Spivac,Nora Cornolle vs. Joselyne Edwards,Joselyne Edwards,3,0,20 of 36,1 of 3,33%,1,0,2:51,7 of 16,43%,2 of 8,4 of 4,1 of 4,6 of 14,1 of 2,0 of 0
UFC Fight Night: Gane vs. Spivac,Farid Basharat vs. Kleydson Rodrigues,Farid Basharat,1,0,25 of 36,2 of 5,40%,1,0,3:15,4 of 6,66%,2 of 3,2 of 2,0 of 1,0 of 1,1 of 1,3 of 4
UFC Fight Night: Gane vs. Spivac,Farid Basharat vs. Kleydson Rodrigues,Kleydson Rodrigues,1,0,25 of 26,0 of 0,---,0,0,0:30,7 of 8,87%,3 of 4,2 of 2,2 of 2,4 of 5,1 of 1,2 of 2
UFC Fight Night: Gane vs. Spivac,Zarah Fairn vs. Jacqueline Cavalcanti,Zarah Fairn,1,0,5 of 86,0 of 0,---,0,0,0:00,5 of 86,5%,2 of 82,2 of 3,1 of 1,5 of 86,0 of 0,0 of 0
UFC Fight Night: Gane vs. Spivac,Zarah Fairn vs. Jacqueline Cavalcanti,Zarah Fairn,2,0,10 of 80,0 of 1,0%,0,0,0:00,10 of 80,12%,6 of 74,2 of 4,2 of 2,10 of 80,0 of 0,0 of 0
UFC Fight Night: Gane vs. Spivac,Zarah Fairn vs. Jacqueline Cavalcanti,Zarah Fairn,3,0,24 of 93,0 of 1,0%,0,0,0:04,24 of 93,25%,17 of 85,4 of 5,3 of 3,24 of 92,0 of 1,0 of 0
UFC Fight Night: Gane vs. Spivac,Zarah Fairn vs. Jacqueline Cavalcanti,Jacqueline Cavalcanti,1,0,36 of 62,0 of 0,---,0,0,0:00,36 of 62,58%,4 of 26,8 of 8,24 of 28,36 of 62,0 of 0,0 of 0
UFC Fight Night: Gane vs. Spivac,Zarah Fairn vs. Jacqueline Cavalcanti,Jacqueline Cavalcanti,2,0,46 of 81,0 of 0,---,0,0,0:00,46 of 81,56%,19 of 48,4 of 6,23 of 27,41 of 74,5 of 7,0 of 0
UFC Fight Night: Gane vs. Spivac,Zarah Fairn vs. Jacqueline Cavalcanti,Jacqueline Cavalcanti,3,0,45 of 79,0 of 1,0%,0,0,0:08,44 of 78,56%,20 of 53,8 of 8,16 of 17,39 of 73,5 of 5,0 of 0
UFC Fight Night: Holloway vs. The Korean Zombie,Max Holloway vs. Chan Sung Jung,Max Holloway,1,0,34 of 55,0 of 0,---,0,0,0:00,34 of 55,61%,12 of 28,14 of 15,8 of 12,34 of 55,0 of 0,0 of 0
UFC Fight Night: Holloway vs. The Korean Zombie,Max Holloway vs. Chan Sung Jung,Max Holloway,2,1,36 of 62,0 of 0,---,1,0,0:54,36 of 62,58%,18 of 40,16 of 18,2 of 4,33 of 59,0 of 0,3 of 3
UFC Fight Night: Holloway vs. The Korean Zombie,Max Holloway vs. Chan Sung Jung,Max Holloway,3,1,5 of 11,0 of 0,---,0,0,0:03,5 of 11,45%,4 of 9,1 of 2,0 of 0,4 of 10,1 of 1,0 of 0
UFC Fight Night: Holloway vs. The Korean Zombie,Max Holloway vs. Chan Sung Jung,Chan Sung Jung,1,0,15 of 51,0 of 1,0%,0,0,0:00,15 of 50,30%,9 of 40,4 of 5,2 of 5,15 of 50,0 of 0,0 of 0
UFC Fight Night: Holloway vs. The Korean Zombie,Max Holloway vs. Chan Sung Jung,Chan Sung Jung,2,0,17 of 58,0 of 0,---,0,0,0:15,16 of 57,28%,13 of 53,2 of 3,1 of 1,16 of 57,0 of 0,0 of 0
UFC Fight Night: Holloway vs. The Korean Zombie,Max Holloway vs. Chan Sung Jung,Chan Sung Jung,3,0,3 of 17,0 of 0,---,0,0,0:00,3 of 17,17%,3 of 17,0 of 0,0 of 0,3 of 15,0 of 2,0 of 0
UFC Fight Night: Holloway vs. The Korean Zombie,Anthony Smith vs. Ryan Spann,Anthony Smith,1,0,24 of 42,1 of 3,33%,0,0,0:45,24 of 42,57%,9 of 25,1 of 1,14 of 16,23 of 41,1 of 1,0 of 0
UFC Fight Night: Holloway vs. The Korean Zombie,Anthony Smith vs. Ryan Spann,Anthony Smith,2,0,22 of 36,0 of 0,---,0,0,0:11,22 of 36,61%,10 of 22,4 of 4,8 of 10,22 of 36,0 of 0,0 of 0
UFC Fight Night: Holloway vs. The Korean Zombie,Anthony Smith vs. Ryan Spann,Anthony Smith,3,0,45 of 69,0 of 0,---,0,0,0:00,45 of 69,65%,25 of 45,7 of 10,13 of 14,45 of 69,0 of 0,0 of 0
UFC Fight Night: Holloway vs. The Korean Zombie,Anthony Smith vs. Ryan Spann,Ryan Spann,1,0,10 of 41,0 of 1,0%,0,0,0:00,10 of 41,24%,5 of 32,4 of 8,1 of 1,10 of 41,0 of 0,0 of 0
UFC Fight Night: Holloway vs. The Korean Zombie,Anthony Smith vs. Ryan Spann,Ryan Spann,2,0,25 of 64,0 of 0,---,0,0,1:19,22 of 60,36%,16 of 52,5 of 7,1 of 1,13 of 47,0 of 0,9 of 13
UFC Fight Night: Holloway vs. The Korean Zombie,Anthony Smith vs. Ryan Spann,Ryan Spann,3,0,27 of 86,0 of 0,---,0,0,0:00,27 of 86,31%,18 of 74,5 of 8,4 of 4,27 of 86,0 of 0,0 of 0
UFC Fight Night: Holloway vs. The Korean Zombie,Giga Chikadze vs. Alex Caceres,Giga Chikadze,1,0,17 of 30,0 of 0,---,0,0,0:00,17 of 30,56%,7 of 16,5 of 8,5 of 6,17 of 30,0 of 0,0 of 0
UFC Fight Night: Holloway vs. The Korean Zombie,Giga Chikadze vs. Alex Caceres,Giga Chikadze,2,0,23 of 44,0 of 0,---,0,0,0:00,23 of 44,52%,14 of 30,4 of 9,5 of 5,23 of 43,0 of 1,0 of 0
UFC Fight Night: Holloway vs. The Korean Zombie,Giga Chikadze vs. Alex Caceres,Giga Chikadze,3,0,25 of 67,0 of 0,---,0,0,0:00,25 of 67,37%,4 of 37,13 of 21,8 of 9,25 of 66,0 of 1,0 of 0
UFC Fight Night: Holloway vs. The Korean Zombie,Giga Chikadze vs. Alex Caceres,Alex Caceres,1,0,15 of 39,0 of 0,---,0,0,0:00,15 of 39,38%,5 of 23,5 of 10,5 of 6,15 of 39,0 of 0,0 of 0
UFC Fight Night: Holloway vs. The Korean Zombie,Giga Chikadze vs. Alex Caceres,Alex Caceres,2,0,24 of 61,0 of 0,---,0,0,0:00,24 of 61,39%,8 of 40,12 of 16,4 of 5,24 of 61,0 of 0,0 of 0
UFC Fight Night: Holloway vs. The Korean Zombie,Giga Chikadze vs. Alex Caceres,Alex Caceres,3,0,23 of 68,0 of 0,---,0,0,0:00,23 of 68,33%,12 of 47,8 of 18,3 of 3,23 of 68,0 of 0,0 of 0
UFC Fight Night: Holloway vs. The Korean Zombie,Rinya Nakamura vs. Fernie Garcia,Rinya Nakamura,1,0,17 of 25,2 of 2,100%,1,0,3:55,9 of 13,69%,3 of 5,4 of 6,2 of 2,4 of 6,0 of 0,5 of 7
UFC Fight Night: Holloway vs. The Korean Zombie,Rinya Nakamura vs. Fernie Garcia,Rinya Nakamura,2,0,17 of 29,1 of 1,100%,1,0,2:31,11 of 22,50%,5 of 14,3 of 3,3 of 5,8 of 19,0 of 0,3 of 3
UFC Fight Night: Holloway vs. The Korean Zombie,Rinya Nakamura vs. Fernie Garcia,Rinya Nakamura,3,0,22 of 30,1 of 1,100%,1,0,3:00,16 of 22,72%,8 of 12,3 of 4,5 of 6,13 of 19,0 of 0,3 of 3
UFC Fight Night: Holloway vs. The Korean Zombie,Rinya Nakamura vs. Fernie Garcia,Fernie Garcia,1,0,21 of 27,0 of 0,---,0,0,0:00,3 of 8,37%,2 of 5,1 of 1,0 of 2,1 of 6,0 of 0,2 of 2
UFC Fight Night: Holloway vs. The Korean Zombie,Rinya Nakamura vs. Fernie Garcia,Fernie Garcia,2,0,16 of 39,0 of 0,---,1,0,0:00,6 of 28,21%,3 of 22,1 of 3,2 of 3,6 of 28,0 of 0,0 of 0
UFC Fight Night: Holloway vs. The Korean Zombie,Rinya Nakamura vs. Fernie Garcia,Fernie Garcia,3,0,13 of 40,0 of 0,---,0,0,0:00,6 of 30,20%,4 of 26,2 of 3,0 of 1,6 of 29,0 of 1,0 of 0
UFC Fight Night: Holloway vs. The Korean Zombie,Erin Blanchfield vs. Taila Santos,Erin Blanchfield,1,0,36 of 69,0 of 4,0%,0,0,1:22,26 of 55,47%,16 of 45,7 of 7,3 of 3,20 of 49,6 of 6,0 of 0
UFC Fight Night: Holloway vs. The Korean Zombie,Erin Blanchfield vs. Taila Santos,Erin Blanchfield,2,0,34 of 58,0 of 4,0%,0,0,4:01,9 of 18,50%,3 of 9,4 of 7,2 of 2,5 of 9,3 of 7,1 of 2
UFC Fight Night: Holloway vs. The Korean Zombie,Erin Blanchfield vs. Taila Santos,Erin Blanchfield,3,0,49 of 83,0 of 6,0%,0,0,2:45,26 of 55,47%,18 of 45,7 of 9,1 of 1,18 of 44,8 of 11,0 of 0
UFC Fight Night: Holloway vs. The Korean Zombie,Erin Blanchfield vs. Taila Santos,Taila Santos,1,0,31 of 80,0 of 0,---,0,0,0:06,25 of 71,35%,13 of 56,5 of 8,7 of 7,21 of 63,4 of 8,0 of 0
UFC Fight Night: Holloway vs. The Korean Zombie,Erin Blanchfield vs. Taila Santos,Taila Santos,2,0,32 of 48,0 of 1,0%,0,0,0:03,11 of 24,45%,5 of 16,2 of 4,4 of 4,8 of 19,3 of 5,0 of 0
UFC Fight Night: Holloway vs. The Korean Zombie,Erin Blanchfield vs. Taila Santos,Taila Santos,3,0,33 of 74,0 of 2,0%,0,0,0:00,19 of 56,33%,10 of 46,2 of 3,7 of 7,17 of 51,2 of 5,0 of 0
UFC Fight Night: Holloway vs. The Korean Zombie,Junior Tafa vs. Parker Porter,Junior Tafa,1,1,11 of 16,0 of 0,---,0,0,0:04,8 of 13,61%,7 of 12,1 of 1,0 of 0,4 of 7,4 of 6,0 of 0
UFC Fight Night: Holloway vs. The Korean Zombie,Junior Tafa vs. Parker Porter,Parker Porter,1,0,3 of 10,0 of 1,0%,0,0,0:17,2 of 9,22%,2 of 9,0 of 0,0 of 0,2 of 9,0 of 0,0 of 0
UFC Fight Night: Holloway vs. The Korean Zombie,Waldo Cortes-Acosta vs. Lukasz Brzeski,Waldo Cortes-Acosta,1,1,16 of 46,0 of 0,---,0,0,0:00,15 of 45,33%,9 of 36,3 of 5,3 of 4,12 of 42,3 of 3,0 of 0
UFC Fight Night: Holloway vs. The Korean Zombie,Waldo Cortes-Acosta vs. Lukasz Brzeski,Lukasz Brzeski,1,0,15 of 23,0 of 0,---,0,0,0:00,14 of 22,63%,1 of 7,3 of 3,10 of 12,14 of 22,0 of 0,0 of 0
UFC Fight Night: Holloway vs. The Korean Zombie,Toshiomi Kazama vs. Garrett Armfield,Toshiomi Kazama,1,0,15 of 31,0 of 2,0%,0,0,0:00,15 of 31,48%,8 of 24,3 of 3,4 of 4,15 of 30,0 of 1,0 of 0
UFC Fight Night: Holloway vs. The Korean Zombie,Toshiomi Kazama vs. Garrett Armfield,Garrett Armfield,1,1,45 of 77,0 of 0,---,0,0,0:26,45 of 77,58%,36 of 67,9 of 10,0 of 0,40 of 68,0 of 0,5 of 9
UFC Fight Night: Holloway vs. The Korean Zombie,Chidi Njokuani vs. Michal Oleksiejczuk,Chidi Njokuani,1,0,30 of 58,0 of 2,0%,0,0,0:09,29 of 57,50%,7 of 21,18 of 32,4 of 4,19 of 37,10 of 20,0 of 0
UFC Fight Night: Holloway vs. The Korean Zombie,Chidi Njokuani vs. Michal Oleksiejczuk,Michal Oleksiejczuk,1,0,54 of 85,1 of 1,100%,0,0,1:36,44 of 72,61%,31 of 59,12 of 12,1 of 1,17 of 36,4 of 5,23 of 31
UFC Fight Night: Holloway vs. The Korean Zombie,Song Kenan vs. Rolando Bedoya,Song Kenan,1,0,17 of 36,0 of 0,---,0,0,0:00,16 of 34,47%,7 of 22,6 of 8,3 of 4,15 of 31,1 of 3,0 of 0
UFC Fight Night: Holloway vs. The Korean Zombie,Song Kenan vs. Rolando Bedoya,Song Kenan,2,0,26 of 52,0 of 0,---,0,0,0:23,24 of 50,48%,20 of 42,3 of 6,1 of 2,23 of 49,1 of 1,0 of 0
UFC Fight Night: Holloway vs. The Korean Zombie,Song Kenan vs. Rolando Bedoya,Song Kenan,3,1,42 of 73,0 of 0,---,0,0,0:17,35 of 65,53%,27 of 54,7 of 10,1 of 1,30 of 60,4 of 4,1 of 1
UFC Fight Night: Holloway vs. The Korean Zombie,Song Kenan vs. Rolando Bedoya,Rolando Bedoya,1,0,32 of 77,0 of 1,0%,0,0,0:16,32 of 77,41%,11 of 40,4 of 16,17 of 21,30 of 72,2 of 5,0 of 0
UFC Fight Night: Holloway vs. The Korean Zombie,Song Kenan vs. Rolando Bedoya,Rolando Bedoya,2,0,39 of 86,0 of 1,0%,0,0,0:13,39 of 85,45%,10 of 49,14 of 19,15 of 17,36 of 81,3 of 4,0 of 0
UFC Fight Night: Holloway vs. The Korean Zombie,Song Kenan vs. Rolando Bedoya,Rolando Bedoya,3,0,41 of 97,0 of 2,0%,0,0,0:04,41 of 96,42%,15 of 57,9 of 14,17 of 25,38 of 92,3 of 4,0 of 0
UFC Fight Night: Holloway vs. The Korean Zombie,Billy Goff vs. Yusaku Kinoshita,Billy Goff,1,1,43 of 89,0 of 1,0%,0,0,0:05,40 of 85,47%,13 of 47,13 of 20,14 of 18,36 of 78,2 of 2,2 of 5
UFC Fight Night: Holloway vs. The Korean Zombie,Billy Goff vs. Yusaku Kinoshita,Yusaku Kinoshita,1,0,17 of 53,0 of 0,---,0,0,0:00,17 of 53,32%,15 of 48,2 of 5,0 of 0,17 of 52,0 of 1,0 of 0
UFC 292: Sterling vs. O'Malley,Aljamain Sterling vs. Sean O'Malley,Aljamain Sterling,1,0,20 of 37,0 of 1,0%,0,0,0:21,13 of 26,50%,0 of 5,2 of 8,11 of 13,13 of 26,0 of 0,0 of 0
UFC 292: Sterling vs. O'Malley,Aljamain Sterling vs. Sean O'Malley,Aljamain Sterling,2,0,4 of 9,0 of 1,0%,0,0,0:13,4 of 9,44%,3 of 7,1 of 2,0 of 0,3 of 7,1 of 2,0 of 0
UFC 292: Sterling vs. O'Malley,Aljamain Sterling vs. Sean O'Malley,Sean O'Malley,1,0,8 of 14,0 of 0,---,0,0,0:00,8 of 14,57%,3 of 6,4 of 7,1 of 1,7 of 13,1 of 1,0 of 0
UFC 292: Sterling vs. O'Malley,Aljamain Sterling vs. Sean O'Malley,Sean O'Malley,2,1,18 of 22,0 of 0,---,0,0,0:18,17 of 21,80%,15 of 19,2 of 2,0 of 0,3 of 3,0 of 0,14 of 18
UFC 292: Sterling vs. O'Malley,Zhang Weili vs. Amanda Lemos,Zhang Weili,1,0,74 of 90,1 of 1,100%,0,0,4:33,44 of 55,80%,36 of 47,6 of 6,2 of 2,3 of 3,0 of 0,41 of 52
UFC 292: Sterling vs. O'Malley,Zhang Weili vs. Amanda Lemos,Zhang Weili,2,0,49 of 54,2 of 2,100%,0,0,3:47,16 of 20,80%,10 of 13,6 of 6,0 of 1,5 of 8,4 of 4,7 of 8
UFC 292: Sterling vs. O'Malley,Zhang Weili vs. Amanda Lemos,Zhang Weili,3,0,31 of 40,1 of 2,50%,0,0,2:58,20 of 29,68%,11 of 19,5 of 6,4 of 4,8 of 14,8 of 9,4 of 6
UFC 292: Sterling vs. O'Malley,Zhang Weili vs. Amanda Lemos,Zhang Weili,4,0,28 of 45,1 of 1,100%,0,0,0:44,28 of 45,62%,7 of 17,9 of 12,12 of 16,26 of 43,2 of 2,0 of 0
UFC 292: Sterling vs. O'Malley,Zhang Weili vs. Amanda Lemos,Zhang Weili,5,1,114 of 129,1 of 1,100%,0,0,4:05,55 of 68,80%,42 of 54,11 of 12,2 of 2,8 of 9,3 of 3,44 of 56
UFC 292: Sterling vs. O'Malley,Zhang Weili vs. Amanda Lemos,Amanda Lemos,1,0,2 of 2,0 of 0,---,1,0,0:00,1 of 1,100%,0 of 0,1 of 1,0 of 0,1 of 1,0 of 0,0 of 0
UFC 292: Sterling vs. O'Malley,Zhang Weili vs. Amanda Lemos,Amanda Lemos,2,0,5 of 11,0 of 0,---,0,0,0:00,4 of 10,40%,4 of 10,0 of 0,0 of 0,4 of 10,0 of 0,0 of 0
UFC 292: Sterling vs. O'Malley,Zhang Weili vs. Amanda Lemos,Amanda Lemos,3,0,8 of 15,0 of 0,---,0,0,0:19,5 of 12,41%,4 of 11,0 of 0,1 of 1,5 of 12,0 of 0,0 of 0
UFC 292: Sterling vs. O'Malley,Zhang Weili vs. Amanda Lemos,Amanda Lemos,4,0,13 of 37,0 of 0,---,1,0,0:07,13 of 37,35%,11 of 34,2 of 3,0 of 0,12 of 35,1 of 2,0 of 0
UFC 292: Sterling vs. O'Malley,Zhang Weili vs. Amanda Lemos,Amanda Lemos,5,0,1 of 3,0 of 0,---,0,0,0:08,1 of 3,33%,0 of 2,0 of 0,1 of 1,1 of 3,0 of 0,0 of 0
UFC 292: Sterling vs. O'Malley,Neil Magny vs. Ian Garry,Neil Magny,1,0,22 of 40,0 of 1,0%,0,0,0:05,8 of 24,33%,3 of 15,1 of 2,4 of 7,7 of 21,1 of 3,0 of 0
UFC 292: Sterling vs. O'Malley,Neil Magny vs. Ian Garry,Neil Magny,2,0,15 of 32,0 of 1,0%,0,0,1:05,11 of 27,40%,5 of 20,3 of 4,3 of 3,10 of 25,1 of 2,0 of 0
UFC 292: Sterling vs. O'Malley,Neil Magny vs. Ian Garry,Neil Magny,3,0,14 of 21,0 of 0,---,0,0,0:00,8 of 15,53%,2 of 6,3 of 5,3 of 4,8 of 15,0 of 0,0 of 0
UFC 292: Sterling vs. O'Malley,Neil Magny vs. Ian Garry,Ian Garry,1,0,33 of 45,1 of 1,100%,0,0,1:07,20 of 32,62%,5 of 17,4 of 4,11 of 11,19 of 30,1 of 1,0 of 1
UFC 292: Sterling vs. O'Malley,Neil Magny vs. Ian Garry,Ian Garry,2,0,35 of 57,0 of 0,---,0,0,0:22,31 of 53,58%,9 of 30,6 of 7,16 of 16,28 of 49,3 of 4,0 of 0
UFC 292: Sterling vs. O'Malley,Neil Magny vs. Ian Garry,Ian Garry,3,0,43 of 69,1 of 1,100%,0,0,1:03,40 of 65,61%,18 of 43,6 of 6,16 of 16,37 of 61,0 of 0,3 of 4
UFC 292: Sterling vs. O'Malley,Da'Mon Blackshear vs. Mario Bautista,Da'Mon Blackshear,1,0,38 of 57,4 of 5,80%,0,0,2:28,29 of 48,60%,11 of 27,11 of 14,7 of 7,13 of 28,15 of 18,1 of 2
UFC 292: Sterling vs. O'Malley,Da'Mon Blackshear vs. Mario Bautista,Da'Mon Blackshear,2,0,44 of 78,0 of 2,0%,0,0,0:27,40 of 74,54%,25 of 54,7 of 11,8 of 9,23 of 56,17 of 18,0 of 0
UFC 292: Sterling vs. O'Malley,Da'Mon Blackshear vs. Mario Bautista,Da'Mon Blackshear,3,0,26 of 57,0 of 0,---,0,0,0:05,21 of 52,40%,12 of 42,4 of 5,5 of 5,16 of 45,5 of 6,0 of 1
UFC 292: Sterling vs. O'Malley,Da'Mon Blackshear vs. Mario Bautista,Mario Bautista,1,0,27 of 33,0 of 0,---,1,0,0:19,19 of 25,76%,11 of 17,3 of 3,5 of 5,13 of 18,6 of 7,0 of 0
UFC 292: Sterling vs. O'Malley,Da'Mon Blackshear vs. Mario Bautista,Mario Bautista,2,0,34 of 69,0 of 5,0%,0,0,1:01,32 of 67,47%,22 of 55,8 of 9,2 of 3,21 of 53,11 of 14,0 of 0
UFC 292: Sterling vs. O'Malley,Da'Mon Blackshear vs. Mario Bautista,Mario Bautista,3,0,41 of 59,2 of 5,40%,0,0,2:44,28 of 45,62%,15 of 31,10 of 10,3 of 4,17 of 30,7 of 9,4 of 6
UFC 292: Sterling vs. O'Malley,Marlon Vera vs. Pedro Munhoz,Marlon Vera,1,0,39 of 66,0 of 1,0%,0,0,0:00,39 of 66,59%,27 of 51,3 of 5,9 of 10,38 of 64,1 of 1,0 of 1
UFC 292: Sterling vs. O'Malley,Marlon Vera vs. Pedro Munhoz,Marlon Vera,2,0,49 of 84,0 of 0,---,0,0,0:00,49 of 84,58%,37 of 71,2 of 3,10 of 10,49 of 84,0 of 0,0 of 0
UFC 292: Sterling vs. O'Malley,Marlon Vera vs. Pedro Munhoz,Marlon Vera,3,0,53 of 101,0 of 0,---,0,0,0:00,53 of 101,52%,45 of 90,4 of 6,4 of 5,51 of 98,2 of 3,0 of 0
UFC 292: Sterling vs. O'Malley,Marlon Vera vs. Pedro Munhoz,Pedro Munhoz,1,0,38 of 71,0 of 1,0%,0,0,0:00,38 of 71,53%,14 of 44,8 of 11,16 of 16,38 of 71,0 of 0,0 of 0
UFC 292: Sterling vs. O'Malley,Marlon Vera vs. Pedro Munhoz,Pedro Munhoz,2,0,45 of 91,0 of 0,---,0,0,0:00,45 of 91,49%,23 of 64,7 of 11,15 of 16,45 of 91,0 of 0,0 of 0
UFC 292: Sterling vs. O'Malley,Marlon Vera vs. Pedro Munhoz,Pedro Munhoz,3,0,30 of 84,0 of 0,---,0,0,0:00,30 of 84,35%,16 of 69,5 of 6,9 of 9,28 of 82,2 of 2,0 of 0
UFC 292: Sterling vs. O'Malley,Chris Weidman vs. Brad Tavares,Chris Weidman,1,0,7 of 20,0 of 3,0%,0,0,0:12,7 of 20,35%,5 of 17,1 of 2,1 of 1,7 of 20,0 of 0,0 of 0
UFC 292: Sterling vs. O'Malley,Chris Weidman vs. Brad Tavares,Chris Weidman,2,0,22 of 43,0 of 2,0%,0,0,0:54,20 of 41,48%,16 of 32,3 of 8,1 of 1,18 of 39,2 of 2,0 of 0
UFC 292: Sterling vs. O'Malley,Chris Weidman vs. Brad Tavares,Chris Weidman,3,0,10 of 31,0 of 3,0%,0,0,0:15,10 of 31,32%,9 of 28,1 of 2,0 of 1,10 of 31,0 of 0,0 of 0
UFC 292: Sterling vs. O'Malley,Chris Weidman vs. Brad Tavares,Brad Tavares,1,0,16 of 29,0 of 0,---,0,0,0:00,16 of 29,55%,8 of 21,0 of 0,8 of 8,16 of 29,0 of 0,0 of 0
UFC 292: Sterling vs. O'Malley,Chris Weidman vs. Brad Tavares,Brad Tavares,2,0,28 of 45,0 of 0,---,0,0,0:00,27 of 44,61%,8 of 23,5 of 5,14 of 16,25 of 42,2 of 2,0 of 0
UFC 292: Sterling vs. O'Malley,Chris Weidman vs. Brad Tavares,Brad Tavares,3,0,27 of 42,0 of 0,---,0,0,0:00,27 of 42,64%,5 of 17,3 of 4,19 of 21,27 of 42,0 of 0,0 of 0
UFC 292: Sterling vs. O'Malley,Gregory Rodrigues vs. Denis Tiuliulin,Gregory Rodrigues,1,0,6 of 8,1 of 2,50%,0,0,0:47,5 of 6,83%,4 of 5,1 of 1,0 of 0,1 of 2,0 of 0,4 of 4
UFC 292: Sterling vs. O'Malley,Gregory Rodrigues vs. Denis Tiuliulin,Denis Tiuliulin,1,0,3 of 8,0 of 0,---,0,0,0:00,2 of 7,28%,2 of 7,0 of 0,0 of 0,2 of 7,0 of 0,0 of 0
UFC 292: Sterling vs. O'Malley,Kurt Holobaugh vs. Austin Hubbard,Kurt Holobaugh,1,0,58 of 100,0 of 0,---,0,0,0:00,37 of 78,47%,26 of 64,6 of 8,5 of 6,30 of 71,7 of 7,0 of 0
UFC 292: Sterling vs. O'Malley,Kurt Holobaugh vs. Austin Hubbard,Kurt Holobaugh,2,0,27 of 44,0 of 0,---,2,0,1:08,24 of 41,58%,20 of 37,4 of 4,0 of 0,20 of 35,2 of 3,2 of 3
UFC 292: Sterling vs. O'Malley,Kurt Holobaugh vs. Austin Hubbard,Austin Hubbard,1,0,48 of 92,2 of 4,50%,0,0,2:06,31 of 74,41%,16 of 58,14 of 15,1 of 1,20 of 57,7 of 9,4 of 8
UFC 292: Sterling vs. O'Malley,Kurt Holobaugh vs. Austin Hubbard,Austin Hubbard,2,0,13 of 33,0 of 2,0%,0,0,0:17,13 of 33,39%,9 of 28,3 of 4,1 of 1,11 of 30,2 of 3,0 of 0
UFC 292: Sterling vs. O'Malley,Brad Katona vs. Cody Gibson,Brad Katona,1,0,39 of 91,0 of 0,---,0,0,0:00,36 of 87,41%,22 of 70,5 of 7,9 of 10,29 of 76,7 of 11,0 of 0
UFC 292: Sterling vs. O'Malley,Brad Katona vs. Cody Gibson,Brad Katona,2,0,59 of 111,0 of 2,0%,0,0,0:00,58 of 108,53%,45 of 91,6 of 10,7 of 7,47 of 89,11 of 19,0 of 0
UFC 292: Sterling vs. O'Malley,Brad Katona vs. Cody Gibson,Brad Katona,3,0,75 of 125,0 of 0,---,0,0,0:00,66 of 116,56%,49 of 93,14 of 20,3 of 3,51 of 97,15 of 19,0 of 0
UFC 292: Sterling vs. O'Malley,Brad Katona vs. Cody Gibson,Cody Gibson,1,0,49 of 85,0 of 0,---,0,0,0:00,49 of 85,57%,39 of 73,6 of 7,4 of 5,42 of 78,7 of 7,0 of 0
UFC 292: Sterling vs. O'Malley,Brad Katona vs. Cody Gibson,Cody Gibson,2,0,66 of 96,0 of 0,---,0,0,0:00,64 of 94,68%,47 of 76,12 of 13,5 of 5,52 of 79,12 of 15,0 of 0
UFC 292: Sterling vs. O'Malley,Brad Katona vs. Cody Gibson,Cody Gibson,3,0,54 of 92,0 of 1,0%,0,0,0:00,51 of 89,57%,44 of 79,4 of 7,3 of 3,40 of 76,11 of 13,0 of 0
UFC 292: Sterling vs. O'Malley,Andre Petroski vs. Gerald Meerschaert,Andre Petroski,1,0,13 of 42,1 of 1,100%,0,0,0:23,13 of 42,30%,10 of 39,1 of 1,2 of 2,11 of 39,2 of 3,0 of 0
UFC 292: Sterling vs. O'Malley,Andre Petroski vs. Gerald Meerschaert,Andre Petroski,2,1,31 of 63,0 of 3,0%,0,0,0:36,29 of 61,47%,20 of 52,5 of 5,4 of 4,21 of 50,0 of 0,8 of 11
UFC 292: Sterling vs. O'Malley,Andre Petroski vs. Gerald Meerschaert,Andre Petroski,3,0,23 of 38,1 of 1,100%,0,0,1:07,15 of 29,51%,9 of 23,6 of 6,0 of 0,14 of 28,1 of 1,0 of 0
UFC 292: Sterling vs. O'Malley,Andre Petroski vs. Gerald Meerschaert,Gerald Meerschaert,1,0,11 of 30,0 of 0,---,0,0,0:00,11 of 30,36%,8 of 27,0 of 0,3 of 3,11 of 30,0 of 0,0 of 0
UFC 292: Sterling vs. O'Malley,Andre Petroski vs. Gerald Meerschaert,Gerald Meerschaert,2,0,23 of 54,0 of 2,0%,0,0,0:00,23 of 54,42%,18 of 47,3 of 5,2 of 2,22 of 53,1 of 1,0 of 0
UFC 292: Sterling vs. O'Malley,Andre Petroski vs. Gerald Meerschaert,Gerald Meerschaert,3,0,58 of 82,1 of 1,100%,0,0,1:54,42 of 65,64%,39 of 61,3 of 4,0 of 0,27 of 48,9 of 9,6 of 8
UFC 292: Sterling vs. O'Malley,Andrea Lee vs. Natalia Silva,Andrea Lee,1,0,14 of 49,0 of 0,---,0,0,0:00,14 of 49,28%,4 of 29,3 of 7,7 of 13,14 of 49,0 of 0,0 of 0
UFC 292: Sterling vs. O'Malley,Andrea Lee vs. Natalia Silva,Andrea Lee,2,0,18 of 42,0 of 0,---,0,0,0:00,18 of 42,42%,5 of 24,6 of 10,7 of 8,18 of 42,0 of 0,0 of 0
UFC 292: Sterling vs. O'Malley,Andrea Lee vs. Natalia Silva,Andrea Lee,3,0,11 of 34,0 of 0,---,0,0,0:00,11 of 34,32%,3 of 21,2 of 6,6 of 7,11 of 34,0 of 0,0 of 0
UFC 292: Sterling vs. O'Malley,Andrea Lee vs. Natalia Silva,Natalia Silva,1,0,26 of 62,0 of 0,---,0,0,0:00,26 of 62,41%,13 of 38,6 of 16,7 of 8,26 of 62,0 of 0,0 of 0
UFC 292: Sterling vs. O'Malley,Andrea Lee vs. Natalia Silva,Natalia Silva,2,0,22 of 50,0 of 0,---,0,0,0:00,22 of 50,44%,8 of 29,9 of 16,5 of 5,22 of 50,0 of 0,0 of 0
UFC 292: Sterling vs. O'Malley,Andrea Lee vs. Natalia Silva,Natalia Silva,3,0,22 of 62,0 of 0,---,0,0,0:00,22 of 62,35%,13 of 44,2 of 11,7 of 7,22 of 62,0 of 0,0 of 0
UFC Fight Night: Luque vs. Dos Anjos,Vicente Luque vs. Rafael Dos Anjos,Vicente Luque,1,0,20 of 37,1 of 1,100%,0,0,1:30,16 of 32,50%,9 of 24,4 of 5,3 of 3,11 of 25,1 of 1,4 of 6
UFC Fight Night: Luque vs. Dos Anjos,Vicente Luque vs. Rafael Dos Anjos,Vicente Luque,2,0,32 of 48,2 of 2,100%,0,0,2:23,11 of 26,42%,7 of 22,3 of 3,1 of 1,10 of 25,1 of 1,0 of 0
UFC Fight Night: Luque vs. Dos Anjos,Vicente Luque vs. Rafael Dos Anjos,Vicente Luque,3,0,27 of 49,1 of 2,50%,0,0,1:51,18 of 39,46%,12 of 32,4 of 5,2 of 2,16 of 37,2 of 2,0 of 0
UFC Fight Night: Luque vs. Dos Anjos,Vicente Luque vs. Rafael Dos Anjos,Vicente Luque,4,0,26 of 42,2 of 2,100%,0,0,3:40,10 of 18,55%,6 of 14,4 of 4,0 of 0,7 of 15,3 of 3,0 of 0
UFC Fight Night: Luque vs. Dos Anjos,Vicente Luque vs. Rafael Dos Anjos,Vicente Luque,5,0,33 of 45,2 of 4,50%,0,0,2:37,17 of 26,65%,14 of 23,2 of 2,1 of 1,16 of 25,1 of 1,0 of 0
UFC Fight Night: Luque vs. Dos Anjos,Vicente Luque vs. Rafael Dos Anjos,Rafael Dos Anjos,1,0,20 of 41,0 of 3,0%,1,0,1:20,17 of 37,45%,8 of 26,6 of 8,3 of 3,9 of 28,8 of 9,0 of 0
UFC Fight Night: Luque vs. Dos Anjos,Vicente Luque vs. Rafael Dos Anjos,Rafael Dos Anjos,2,0,14 of 26,1 of 2,50%,0,0,0:35,10 of 22,45%,4 of 16,5 of 5,1 of 1,3 of 15,7 of 7,0 of 0
UFC Fight Night: Luque vs. Dos Anjos,Vicente Luque vs. Rafael Dos Anjos,Rafael Dos Anjos,3,0,12 of 29,1 of 1,100%,0,0,0:53,11 of 27,40%,8 of 23,3 of 4,0 of 0,10 of 26,1 of 1,0 of 0
UFC Fight Night: Luque vs. Dos Anjos,Vicente Luque vs. Rafael Dos Anjos,Rafael Dos Anjos,4,0,20 of 27,0 of 1,0%,0,0,0:24,9 of 15,60%,5 of 10,4 of 5,0 of 0,4 of 10,5 of 5,0 of 0
UFC Fight Night: Luque vs. Dos Anjos,Vicente Luque vs. Rafael Dos Anjos,Rafael Dos Anjos,5,0,28 of 47,0 of 0,---,0,0,0:42,19 of 35,54%,17 of 33,1 of 1,1 of 1,12 of 26,5 of 5,2 of 4
UFC Fight Night: Luque vs. Dos Anjos,Cub Swanson vs. Hakeem Dawodu,Cub Swanson,1,0,23 of 42,0 of 0,---,0,0,0:00,23 of 42,54%,11 of 25,8 of 10,4 of 7,23 of 42,0 of 0,0 of 0
UFC Fight Night: Luque vs. Dos Anjos,Cub Swanson vs. Hakeem Dawodu,Cub Swanson,2,0,52 of 79,0 of 0,---,0,0,0:04,28 of 51,54%,19 of 42,8 of 8,1 of 1,18 of 39,10 of 12,0 of 0
UFC Fight Night: Luque vs. Dos Anjos,Cub Swanson vs. Hakeem Dawodu,Cub Swanson,3,0,32 of 74,1 of 2,50%,0,0,1:21,26 of 63,41%,11 of 45,11 of 13,4 of 5,18 of 54,8 of 9,0 of 0
UFC Fight Night: Luque vs. Dos Anjos,Cub Swanson vs. Hakeem Dawodu,Hakeem Dawodu,1,0,29 of 56,0 of 0,---,0,0,0:00,29 of 56,51%,9 of 28,8 of 9,12 of 19,29 of 56,0 of 0,0 of 0
UFC Fight Night: Luque vs. Dos Anjos,Cub Swanson vs. Hakeem Dawodu,Hakeem Dawodu,2,0,48 of 86,0 of 0,---,0,0,2:20,29 of 55,52%,13 of 33,10 of 13,6 of 9,20 of 44,9 of 11,0 of 0
UFC Fight Night: Luque vs. Dos Anjos,Cub Swanson vs. Hakeem Dawodu,Hakeem Dawodu,3,0,52 of 82,0 of 0,---,0,1,0:50,37 of 65,56%,19 of 43,11 of 15,7 of 7,30 of 58,7 of 7,0 of 0
UFC Fight Night: Luque vs. Dos Anjos,Khalil Rountree Jr. vs. Chris Daukaus,Khalil Rountree Jr.,1,1,16 of 24,0 of 0,---,0,0,0:31,16 of 24,66%,12 of 19,3 of 4,1 of 1,11 of 17,3 of 4,2 of 3
UFC Fight Night: Luque vs. Dos Anjos,Khalil Rountree Jr. vs. Chris Daukaus,Chris Daukaus,1,0,14 of 28,0 of 1,0%,0,0,0:04,8 of 21,38%,6 of 19,2 of 2,0 of 0,7 of 19,1 of 2,0 of 0
UFC Fight Night: Luque vs. Dos Anjos,Polyana Viana vs. Iasmin Lucindo,Polyana Viana,1,0,26 of 43,1 of 3,33%,0,0,1:58,6 of 12,50%,2 of 8,2 of 2,2 of 2,6 of 12,0 of 0,0 of 0
UFC Fight Night: Luque vs. Dos Anjos,Polyana Viana vs. Iasmin Lucindo,Polyana Viana,2,0,15 of 25,0 of 0,---,0,0,0:00,4 of 13,30%,0 of 7,2 of 4,2 of 2,4 of 13,0 of 0,0 of 0
UFC Fight Night: Luque vs. Dos Anjos,Polyana Viana vs. Iasmin Lucindo,Iasmin Lucindo,1,0,17 of 24,1 of 1,100%,0,0,1:21,6 of 12,50%,3 of 9,2 of 2,1 of 1,5 of 9,0 of 0,1 of 3
UFC Fight Night: Luque vs. Dos Anjos,Polyana Viana vs. Iasmin Lucindo,Iasmin Lucindo,2,0,14 of 24,1 of 1,100%,1,0,1:52,4 of 12,33%,2 of 9,2 of 3,0 of 0,4 of 12,0 of 0,0 of 0
UFC Fight Night: Luque vs. Dos Anjos,AJ Dobson vs. Tafon Nchukwi,AJ Dobson,1,0,36 of 69,1 of 1,100%,0,0,0:13,34 of 65,52%,6 of 31,10 of 15,18 of 19,31 of 59,0 of 0,3 of 6
UFC Fight Night: Luque vs. Dos Anjos,AJ Dobson vs. Tafon Nchukwi,AJ Dobson,2,0,29 of 53,0 of 1,0%,0,0,0:23,28 of 51,54%,12 of 31,2 of 3,14 of 17,26 of 47,2 of 4,0 of 0
UFC Fight Night: Luque vs. Dos Anjos,AJ Dobson vs. Tafon Nchukwi,AJ Dobson,3,0,33 of 54,1 of 1,100%,0,0,3:57,5 of 18,27%,1 of 13,0 of 0,4 of 5,4 of 13,0 of 1,1 of 4
UFC Fight Night: Luque vs. Dos Anjos,AJ Dobson vs. Tafon Nchukwi,Tafon Nchukwi,1,0,24 of 45,0 of 0,---,0,0,0:00,24 of 45,53%,4 of 20,7 of 10,13 of 15,24 of 44,0 of 1,0 of 0
UFC Fight Night: Luque vs. Dos Anjos,AJ Dobson vs. Tafon Nchukwi,Tafon Nchukwi,2,0,27 of 49,0 of 0,---,0,0,0:00,26 of 48,54%,6 of 25,5 of 5,15 of 18,22 of 42,4 of 6,0 of 0
UFC Fight Night: Luque vs. Dos Anjos,AJ Dobson vs. Tafon Nchukwi,Tafon Nchukwi,3,0,8 of 12,0 of 0,---,0,0,0:00,3 of 6,50%,1 of 2,0 of 0,2 of 4,3 of 6,0 of 0,0 of 0
UFC Fight Night: Luque vs. Dos Anjos,Josh Fremd vs. Jamie Pickett,Josh Fremd,1,0,23 of 41,0 of 0,---,0,0,2:31,11 of 29,37%,2 of 17,3 of 5,6 of 7,9 of 25,2 of 4,0 of 0
UFC Fight Night: Luque vs. Dos Anjos,Josh Fremd vs. Jamie Pickett,Josh Fremd,2,0,17 of 35,0 of 1,0%,2,0,1:51,13 of 31,41%,7 of 20,4 of 7,2 of 4,7 of 22,3 of 4,3 of 5
UFC Fight Night: Luque vs. Dos Anjos,Josh Fremd vs. Jamie Pickett,Josh Fremd,3,0,19 of 33,0 of 2,0%,0,1,2:53,7 of 20,35%,2 of 12,3 of 6,2 of 2,6 of 17,1 of 3,0 of 0
UFC Fight Night: Luque vs. Dos Anjos,Josh Fremd vs. Jamie Pickett,Jamie Pickett,1,0,8 of 25,0 of 0,---,0,0,0:28,4 of 18,22%,0 of 9,2 of 7,2 of 2,3 of 15,1 of 3,0 of 0
UFC Fight Night: Luque vs. Dos Anjos,Josh Fremd vs. Jamie Pickett,Jamie Pickett,2,0,7 of 17,1 of 1,100%,0,0,1:39,5 of 15,33%,1 of 8,2 of 4,2 of 3,5 of 15,0 of 0,0 of 0
UFC Fight Night: Luque vs. Dos Anjos,Josh Fremd vs. Jamie Pickett,Jamie Pickett,3,0,11 of 25,1 of 2,50%,0,0,0:54,5 of 19,26%,3 of 14,2 of 5,0 of 0,3 of 15,2 of 4,0 of 0
UFC Fight Night: Luque vs. Dos Anjos,JP Buys vs. Marcus McGhee,JP Buys,1,0,4 of 30,0 of 1,0%,0,0,0:00,4 of 30,13%,2 of 22,1 of 3,1 of 5,4 of 29,0 of 1,0 of 0
UFC Fight Night: Luque vs. Dos Anjos,JP Buys vs. Marcus McGhee,Marcus McGhee,1,1,7 of 13,0 of 0,---,0,0,0:05,7 of 13,53%,6 of 11,0 of 0,1 of 2,7 of 13,0 of 0,0 of 0
UFC Fight Night: Luque vs. Dos Anjos,Terrance McKinney vs. Mike Breeden,Terrance McKinney,1,0,30 of 47,0 of 2,0%,0,0,0:03,30 of 47,63%,23 of 36,7 of 11,0 of 0,16 of 30,11 of 14,3 of 3
UFC Fight Night: Luque vs. Dos Anjos,Terrance McKinney vs. Mike Breeden,Mike Breeden,1,0,1 of 5,0 of 1,0%,0,0,0:00,1 of 5,20%,0 of 4,1 of 1,0 of 0,1 of 5,0 of 0,0 of 0
UFC Fight Night: Luque vs. Dos Anjos,Francis Marshall vs. Isaac Dulgarian,Francis Marshall,1,0,11 of 16,0 of 0,---,0,0,0:00,2 of 7,28%,0 of 5,0 of 0,2 of 2,2 of 7,0 of 0,0 of 0
UFC Fight Night: Luque vs. Dos Anjos,Francis Marshall vs. Isaac Dulgarian,Isaac Dulgarian,1,0,61 of 83,1 of 1,100%,0,0,4:18,35 of 53,66%,32 of 50,0 of 0,3 of 3,3 of 4,0 of 0,32 of 49
UFC Fight Night: Luque vs. Dos Anjos,Josh Parisian vs. Martin Buday,Josh Parisian,1,0,27 of 63,0 of 0,---,0,0,0:13,26 of 61,42%,15 of 49,6 of 7,5 of 5,20 of 47,6 of 14,0 of 0
UFC Fight Night: Luque vs. Dos Anjos,Josh Parisian vs. Martin Buday,Martin Buday,1,0,62 of 91,1 of 1,100%,1,0,1:56,42 of 67,62%,35 of 60,7 of 7,0 of 0,28 of 49,14 of 18,0 of 0
UFC Fight Night: Luque vs. Dos Anjos,Jaqueline Amorim vs. Montserrat Conejo Ruiz,Jaqueline Amorim,1,0,40 of 61,1 of 2,50%,2,0,4:14,30 of 44,68%,25 of 39,4 of 4,1 of 1,2 of 3,0 of 0,28 of 41
UFC Fight Night: Luque vs. Dos Anjos,Jaqueline Amorim vs. Montserrat Conejo Ruiz,Jaqueline Amorim,2,0,69 of 106,0 of 0,---,2,1,3:42,43 of 70,61%,39 of 62,4 of 8,0 of 0,3 of 6,0 of 0,40 of 64
UFC Fight Night: Luque vs. Dos Anjos,Jaqueline Amorim vs. Montserrat Conejo Ruiz,Jaqueline Amorim,3,0,32 of 41,0 of 1,0%,0,1,0:09,13 of 22,59%,12 of 19,1 of 2,0 of 1,1 of 6,0 of 0,12 of 16
UFC Fight Night: Luque vs. Dos Anjos,Jaqueline Amorim vs. Montserrat Conejo Ruiz,Montserrat Conejo Ruiz,1,0,5 of 8,0 of 0,---,0,0,0:37,1 of 2,50%,0 of 1,0 of 0,1 of 1,1 of 2,0 of 0,0 of 0
UFC Fight Night: Luque vs. Dos Anjos,Jaqueline Amorim vs. Montserrat Conejo Ruiz,Montserrat Conejo Ruiz,2,0,7 of 26,1 of 1,100%,0,0,0:24,2 of 18,11%,0 of 13,1 of 3,1 of 2,2 of 17,0 of 1,0 of 0
UFC Fight Night: Luque vs. Dos Anjos,Jaqueline Amorim vs. Montserrat Conejo Ruiz,Montserrat Conejo Ruiz,3,0,8 of 23,0 of 0,---,0,0,2:38,3 of 16,18%,2 of 15,1 of 1,0 of 0,2 of 12,0 of 0,1 of 4
UFC Fight Night: Sandhagen vs. Font,Cory Sandhagen vs. Rob Font,Cory Sandhagen,1,0,27 of 51,2 of 2,100%,0,0,2:43,8 of 26,30%,6 of 23,1 of 2,1 of 1,5 of 19,0 of 1,3 of 6
UFC Fight Night: Sandhagen vs. Font,Cory Sandhagen vs. Rob Font,Cory Sandhagen,2,0,38 of 54,1 of 1,100%,0,0,4:41,7 of 15,46%,6 of 14,0 of 0,1 of 1,1 of 7,0 of 0,6 of 8
UFC Fight Night: Sandhagen vs. Font,Cory Sandhagen vs. Rob Font,Cory Sandhagen,3,0,27 of 48,1 of 1,100%,0,0,3:43,10 of 24,41%,9 of 23,1 of 1,0 of 0,2 of 14,0 of 0,8 of 10
UFC Fight Night: Sandhagen vs. Font,Cory Sandhagen vs. Rob Font,Cory Sandhagen,4,0,29 of 39,2 of 2,100%,0,0,4:41,6 of 11,54%,6 of 11,0 of 0,0 of 0,1 of 3,0 of 0,5 of 8
UFC Fight Night: Sandhagen vs. Font,Cory Sandhagen vs. Rob Font,Cory Sandhagen,5,0,11 of 19,1 of 1,100%,1,0,3:50,3 of 8,37%,3 of 8,0 of 0,0 of 0,1 of 4,0 of 0,2 of 4
UFC Fight Night: Sandhagen vs. Font,Cory Sandhagen vs. Rob Font,Rob Font,1,0,6 of 24,1 of 1,100%,0,0,0:23,5 of 22,22%,2 of 18,1 of 1,2 of 3,4 of 17,0 of 3,1 of 2
UFC Fight Night: Sandhagen vs. Font,Cory Sandhagen vs. Rob Font,Rob Font,2,0,4 of 12,0 of 0,---,0,0,0:00,0 of 7,0%,0 of 7,0 of 0,0 of 0,0 of 7,0 of 0,0 of 0
UFC Fight Night: Sandhagen vs. Font,Cory Sandhagen vs. Rob Font,Rob Font,3,0,4 of 11,0 of 0,---,0,0,0:00,4 of 10,40%,3 of 9,1 of 1,0 of 0,4 of 10,0 of 0,0 of 0
UFC Fight Night: Sandhagen vs. Font,Cory Sandhagen vs. Rob Font,Rob Font,4,0,2 of 7,0 of 0,---,0,0,0:00,0 of 4,0%,0 of 4,0 of 0,0 of 0,0 of 4,0 of 0,0 of 0
UFC Fight Night: Sandhagen vs. Font,Cory Sandhagen vs. Rob Font,Rob Font,5,0,9 of 15,0 of 1,0%,0,0,0:45,0 of 6,0%,0 of 5,0 of 1,0 of 0,0 of 6,0 of 0,0 of 0
UFC Fight Night: Sandhagen vs. Font,Jessica Andrade vs. Tatiana Suarez,Jessica Andrade,1,0,13 of 29,0 of 0,---,0,0,0:05,11 of 27,40%,2 of 12,5 of 8,4 of 7,8 of 21,3 of 6,0 of 0
UFC Fight Night: Sandhagen vs. Font,Jessica Andrade vs. Tatiana Suarez,Jessica Andrade,2,0,0 of 2,0 of 0,---,0,0,0:12,0 of 2,0%,0 of 2,0 of 0,0 of 0,0 of 2,0 of 0,0 of 0
UFC Fight Night: Sandhagen vs. Font,Jessica Andrade vs. Tatiana Suarez,Tatiana Suarez,1,0,20 of 44,1 of 1,100%,0,0,1:38,19 of 43,44%,3 of 18,14 of 23,2 of 2,9 of 30,10 of 13,0 of 0
UFC Fight Night: Sandhagen vs. Font,Jessica Andrade vs. Tatiana Suarez,Tatiana Suarez,2,0,5 of 7,2 of 2,100%,1,0,0:44,4 of 6,66%,0 of 2,3 of 3,1 of 1,4 of 6,0 of 0,0 of 0
UFC Fight Night: Sandhagen vs. Font,Dustin Jacoby vs. Kennedy Nzechukwu,Dustin Jacoby,1,1,10 of 33,0 of 0,---,0,0,0:04,10 of 33,30%,5 of 28,0 of 0,5 of 5,10 of 26,0 of 0,0 of 7
UFC Fight Night: Sandhagen vs. Font,Dustin Jacoby vs. Kennedy Nzechukwu,Kennedy Nzechukwu,1,0,4 of 18,0 of 0,---,0,0,0:00,4 of 18,22%,3 of 14,0 of 3,1 of 1,4 of 18,0 of 0,0 of 0
UFC Fight Night: Sandhagen vs. Font,Diego Lopes vs. Gavin Tucker,Diego Lopes,1,0,0 of 4,0 of 0,---,3,0,0:00,0 of 4,0%,0 of 3,0 of 0,0 of 1,0 of 4,0 of 0,0 of 0
UFC Fight Night: Sandhagen vs. Font,Diego Lopes vs. Gavin Tucker,Gavin Tucker,1,0,0 of 6,1 of 1,100%,0,0,0:39,0 of 6,0%,0 of 6,0 of 0,0 of 0,0 of 6,0 of 0,0 of 0
UFC Fight Night: Sandhagen vs. Font,Tanner Boser vs. Aleksa Camur,Tanner Boser,1,0,38 of 81,0 of 0,---,0,0,0:12,33 of 71,46%,17 of 50,7 of 10,9 of 11,28 of 64,5 of 7,0 of 0
UFC Fight Night: Sandhagen vs. Font,Tanner Boser vs. Aleksa Camur,Tanner Boser,2,0,56 of 84,0 of 0,---,0,0,3:02,46 of 70,65%,36 of 59,6 of 7,4 of 4,31 of 51,15 of 19,0 of 0
UFC Fight Night: Sandhagen vs. Font,Tanner Boser vs. Aleksa Camur,Tanner Boser,3,0,51 of 88,0 of 0,---,0,0,2:13,41 of 74,55%,25 of 54,11 of 15,5 of 5,28 of 59,13 of 15,0 of 0
UFC Fight Night: Sandhagen vs. Font,Tanner Boser vs. Aleksa Camur,Aleksa Camur,1,0,24 of 46,0 of 1,0%,0,0,0:50,23 of 45,51%,11 of 29,8 of 10,4 of 6,15 of 36,8 of 9,0 of 0
UFC Fight Night: Sandhagen vs. Font,Tanner Boser vs. Aleksa Camur,Aleksa Camur,2,0,37 of 60,0 of 0,---,0,0,0:00,19 of 41,46%,8 of 30,9 of 9,2 of 2,9 of 27,10 of 14,0 of 0
UFC Fight Night: Sandhagen vs. Font,Tanner Boser vs. Aleksa Camur,Aleksa Camur,3,0,44 of 69,0 of 0,---,0,0,0:11,26 of 50,52%,15 of 38,8 of 9,3 of 3,22 of 45,4 of 5,0 of 0
UFC Fight Night: Sandhagen vs. Font,Ignacio Bahamondes vs. Ludovit Klein,Ignacio Bahamondes,1,0,16 of 44,0 of 0,---,0,0,0:00,7 of 33,21%,5 of 26,1 of 3,1 of 4,7 of 31,0 of 2,0 of 0
UFC Fight Night: Sandhagen vs. Font,Ignacio Bahamondes vs. Ludovit Klein,Ignacio Bahamondes,2,0,35 of 85,0 of 0,---,0,0,0:00,29 of 76,38%,21 of 68,5 of 5,3 of 3,28 of 75,1 of 1,0 of 0
UFC Fight Night: Sandhagen vs. Font,Ignacio Bahamondes vs. Ludovit Klein,Ignacio Bahamondes,3,0,11 of 37,0 of 1,0%,0,0,0:07,7 of 30,23%,3 of 20,3 of 8,1 of 2,6 of 27,1 of 3,0 of 0
UFC Fight Night: Sandhagen vs. Font,Ignacio Bahamondes vs. Ludovit Klein,Ludovit Klein,1,0,48 of 65,0 of 0,---,0,0,2:45,20 of 34,58%,17 of 28,0 of 3,3 of 3,10 of 20,0 of 0,10 of 14
UFC Fight Night: Sandhagen vs. Font,Ignacio Bahamondes vs. Ludovit Klein,Ludovit Klein,2,0,25 of 47,2 of 3,66%,0,0,1:04,19 of 41,46%,8 of 27,6 of 8,5 of 6,19 of 41,0 of 0,0 of 0
UFC Fight Night: Sandhagen vs. Font,Ignacio Bahamondes vs. Ludovit Klein,Ludovit Klein,3,0,21 of 39,1 of 2,50%,0,0,2:16,17 of 33,51%,11 of 27,5 of 5,1 of 1,14 of 27,1 of 1,2 of 5
UFC Fight Night: Sandhagen vs. Font,Kyler Phillips vs. Raoni Barcelos,Kyler Phillips,1,1,31 of 69,0 of 2,0%,0,0,0:11,30 of 68,44%,14 of 48,9 of 13,7 of 7,26 of 63,4 of 5,0 of 0
UFC Fight Night: Sandhagen vs. Font,Kyler Phillips vs. Raoni Barcelos,Kyler Phillips,2,0,29 of 66,1 of 1,100%,0,0,0:36,22 of 58,37%,16 of 51,3 of 4,3 of 3,17 of 51,1 of 2,4 of 5
UFC Fight Night: Sandhagen vs. Font,Kyler Phillips vs. Raoni Barcelos,Kyler Phillips,3,0,20 of 61,0 of 1,0%,0,0,0:00,20 of 61,32%,10 of 47,6 of 9,4 of 5,19 of 60,1 of 1,0 of 0
UFC Fight Night: Sandhagen vs. Font,Kyler Phillips vs. Raoni Barcelos,Raoni Barcelos,1,0,20 of 48,1 of 3,33%,0,0,0:30,18 of 45,40%,12 of 38,4 of 4,2 of 3,13 of 37,5 of 7,0 of 1
UFC Fight Night: Sandhagen vs. Font,Kyler Phillips vs. Raoni Barcelos,Raoni Barcelos,2,0,11 of 30,1 of 5,20%,0,0,0:54,9 of 27,33%,2 of 20,5 of 5,2 of 2,8 of 26,1 of 1,0 of 0
UFC Fight Night: Sandhagen vs. Font,Kyler Phillips vs. Raoni Barcelos,Raoni Barcelos,3,0,21 of 46,1 of 3,33%,0,0,0:18,19 of 44,43%,6 of 29,6 of 8,7 of 7,18 of 42,1 of 2,0 of 0
UFC Fight Night: Sandhagen vs. Font,Jeremiah Wells vs. Carlston Harris,Jeremiah Wells,1,0,10 of 16,2 of 2,100%,2,0,4:24,3 of 8,37%,2 of 7,1 of 1,0 of 0,1 of 3,0 of 0,2 of 5
UFC Fight Night: Sandhagen vs. Font,Jeremiah Wells vs. Carlston Harris,Jeremiah Wells,2,0,29 of 44,1 of 1,100%,0,0,4:34,13 of 22,59%,12 of 21,1 of 1,0 of 0,2 of 5,2 of 2,9 of 15
UFC Fight Night: Sandhagen vs. Font,Jeremiah Wells vs. Carlston Harris,Jeremiah Wells,3,0,2 of 18,0 of 2,0%,0,0,0:28,2 of 18,11%,2 of 18,0 of 0,0 of 0,2 of 17,0 of 1,0 of 0
UFC Fight Night: Sandhagen vs. Font,Jeremiah Wells vs. Carlston Harris,Carlston Harris,1,0,6 of 7,0 of 1,0%,0,0,0:00,0 of 0,---,0 of 0,0 of 0,0 of 0,0 of 0,0 of 0,0 of 0
UFC Fight Night: Sandhagen vs. Font,Jeremiah Wells vs. Carlston Harris,Carlston Harris,2,0,9 of 13,0 of 0,---,0,0,0:00,1 of 4,25%,0 of 3,1 of 1,0 of 0,1 of 4,0 of 0,0 of 0
UFC Fight Night: Sandhagen vs. Font,Jeremiah Wells vs. Carlston Harris,Carlston Harris,3,0,4 of 16,0 of 0,---,1,0,0:13,4 of 15,26%,1 of 11,2 of 3,1 of 1,4 of 15,0 of 0,0 of 0
UFC Fight Night: Sandhagen vs. Font,Billy Quarantillo vs. Damon Jackson,Billy Quarantillo,1,0,34 of 58,0 of 0,---,1,0,0:00,15 of 35,42%,8 of 27,5 of 6,2 of 2,11 of 31,4 of 4,0 of 0
UFC Fight Night: Sandhagen vs. Font,Billy Quarantillo vs. Damon Jackson,Billy Quarantillo,2,0,58 of 91,0 of 0,---,0,0,1:02,40 of 69,57%,8 of 32,28 of 33,4 of 4,16 of 41,24 of 28,0 of 0
UFC Fight Night: Sandhagen vs. Font,Billy Quarantillo vs. Damon Jackson,Billy Quarantillo,3,0,77 of 121,0 of 0,---,0,0,0:49,45 of 84,53%,29 of 65,16 of 18,0 of 1,31 of 68,14 of 16,0 of 0
UFC Fight Night: Sandhagen vs. Font,Billy Quarantillo vs. Damon Jackson,Damon Jackson,1,0,34 of 70,1 of 2,50%,0,0,3:13,28 of 62,45%,19 of 48,8 of 13,1 of 1,23 of 52,1 of 2,4 of 8
UFC Fight Night: Sandhagen vs. Font,Billy Quarantillo vs. Damon Jackson,Damon Jackson,2,0,15 of 50,1 of 7,14%,0,0,1:18,13 of 48,27%,5 of 36,7 of 11,1 of 1,6 of 38,7 of 10,0 of 0
UFC Fight Night: Sandhagen vs. Font,Billy Quarantillo vs. Damon Jackson,Damon Jackson,3,0,26 of 64,1 of 4,25%,0,0,1:39,26 of 63,41%,21 of 55,4 of 7,1 of 1,24 of 58,2 of 3,0 of 2
UFC Fight Night: Sandhagen vs. Font,Cody Durden vs. Jake Hadley,Cody Durden,1,0,12 of 32,3 of 4,75%,0,0,2:48,12 of 30,40%,6 of 22,5 of 6,1 of 2,10 of 26,1 of 1,1 of 3
UFC Fight Night: Sandhagen vs. Font,Cody Durden vs. Jake Hadley,Cody Durden,2,0,18 of 35,1 of 2,50%,1,0,1:54,11 of 24,45%,10 of 22,0 of 1,1 of 1,7 of 14,0 of 0,4 of 10
UFC Fight Night: Sandhagen vs. Font,Cody Durden vs. Jake Hadley,Cody Durden,3,0,33 of 55,0 of 0,---,0,0,2:43,15 of 31,48%,7 of 22,4 of 4,4 of 5,13 of 27,0 of 0,2 of 4
UFC Fight Night: Sandhagen vs. Font,Cody Durden vs. Jake Hadley,Jake Hadley,1,0,9 of 39,0 of 0,---,1,0,0:00,7 of 37,18%,2 of 28,5 of 8,0 of 1,4 of 33,3 of 4,0 of 0
UFC Fight Night: Sandhagen vs. Font,Cody Durden vs. Jake Hadley,Jake Hadley,2,0,27 of 40,0 of 1,0%,2,1,2:01,12 of 22,54%,4 of 11,5 of 8,3 of 3,12 of 19,0 of 3,0 of 0
UFC Fight Night: Sandhagen vs. Font,Cody Durden vs. Jake Hadley,Jake Hadley,3,0,9 of 27,0 of 2,0%,0,0,0:03,7 of 24,29%,6 of 22,0 of 0,1 of 2,7 of 24,0 of 0,0 of 0
UFC Fight Night: Sandhagen vs. Font,Sean Woodson vs. Dennis Buzukja,Sean Woodson,1,0,72 of 102,0 of 0,---,0,0,0:20,35 of 63,55%,15 of 37,5 of 11,15 of 15,32 of 60,3 of 3,0 of 0
UFC Fight Night: Sandhagen vs. Font,Sean Woodson vs. Dennis Buzukja,Sean Woodson,2,0,55 of 69,2 of 2,100%,0,0,3:14,13 of 26,50%,4 of 14,8 of 11,1 of 1,10 of 22,3 of 4,0 of 0
UFC Fight Night: Sandhagen vs. Font,Sean Woodson vs. Dennis Buzukja,Sean Woodson,3,0,36 of 58,2 of 3,66%,0,0,2:18,23 of 37,62%,17 of 26,5 of 10,1 of 1,19 of 31,2 of 4,2 of 2
UFC Fight Night: Sandhagen vs. Font,Sean Woodson vs. Dennis Buzukja,Dennis Buzukja,1,0,16 of 50,0 of 0,---,0,0,1:22,15 of 49,30%,8 of 34,3 of 7,4 of 8,15 of 48,0 of 1,0 of 0
UFC Fight Night: Sandhagen vs. Font,Sean Woodson vs. Dennis Buzukja,Dennis Buzukja,2,0,10 of 31,0 of 0,---,0,1,0:42,10 of 30,33%,8 of 26,1 of 1,1 of 3,5 of 18,0 of 0,5 of 12
UFC Fight Night: Sandhagen vs. Font,Sean Woodson vs. Dennis Buzukja,Dennis Buzukja,3,0,20 of 40,0 of 1,0%,0,0,0:26,17 of 37,45%,8 of 25,7 of 9,2 of 3,12 of 30,5 of 7,0 of 0
UFC 291: Poirier vs. Gaethje 2,Dustin Poirier vs. Justin Gaethje,Dustin Poirier,1,0,27 of 51,0 of 0,---,0,0,0:00,27 of 51,52%,21 of 45,4 of 4,2 of 2,25 of 48,2 of 3,0 of 0
UFC 291: Poirier vs. Gaethje 2,Dustin Poirier vs. Justin Gaethje,Dustin Poirier,2,0,0 of 1,0 of 0,---,0,0,0:00,0 of 1,0%,0 of 1,0 of 0,0 of 0,0 of 1,0 of 0,0 of 0
UFC 291: Poirier vs. Gaethje 2,Dustin Poirier vs. Justin Gaethje,Justin Gaethje,1,0,33 of 56,0 of 0,---,0,0,0:00,33 of 56,58%,18 of 41,5 of 5,10 of 10,31 of 54,2 of 2,0 of 0
UFC 291: Poirier vs. Gaethje 2,Dustin Poirier vs. Justin Gaethje,Justin Gaethje,2,1,8 of 10,0 of 0,---,0,0,0:00,8 of 10,80%,5 of 7,2 of 2,1 of 1,7 of 9,0 of 0,1 of 1
UFC 291: Poirier vs. Gaethje 2,Jan Blachowicz vs. Alex Pereira,Jan Blachowicz,1,0,17 of 17,1 of 3,33%,2,0,4:50,6 of 6,100%,6 of 6,0 of 0,0 of 0,1 of 1,0 of 0,5 of 5
UFC 291: Poirier vs. Gaethje 2,Jan Blachowicz vs. Alex Pereira,Jan Blachowicz,2,0,32 of 43,1 of 2,50%,0,0,1:57,20 of 29,68%,15 of 21,2 of 5,3 of 3,16 of 24,2 of 3,2 of 2
UFC 291: Poirier vs. Gaethje 2,Jan Blachowicz vs. Alex Pereira,Jan Blachowicz,3,0,33 of 57,1 of 3,33%,0,0,0:45,26 of 46,56%,20 of 39,2 of 3,4 of 4,24 of 42,1 of 2,1 of 2
UFC 291: Poirier vs. Gaethje 2,Jan Blachowicz vs. Alex Pereira,Alex Pereira,1,0,12 of 15,0 of 0,---,1,0,0:00,2 of 3,66%,1 of 2,0 of 0,1 of 1,1 of 2,1 of 1,0 of 0
UFC 291: Poirier vs. Gaethje 2,Jan Blachowicz vs. Alex Pereira,Alex Pereira,2,0,54 of 69,0 of 0,---,0,0,0:06,33 of 47,70%,13 of 25,10 of 11,10 of 11,28 of 41,4 of 5,1 of 1
UFC 291: Poirier vs. Gaethje 2,Jan Blachowicz vs. Alex Pereira,Alex Pereira,3,0,46 of 54,0 of 0,---,0,0,0:00,35 of 42,83%,12 of 19,13 of 13,10 of 10,33 of 40,2 of 2,0 of 0
UFC 291: Poirier vs. Gaethje 2,Derrick Lewis vs. Marcos Rogerio de Lima,Derrick Lewis,1,1,20 of 36,0 of 0,---,0,0,0:29,17 of 33,51%,16 of 32,1 of 1,0 of 0,1 of 1,0 of 0,16 of 32
UFC 291: Poirier vs. Gaethje 2,Derrick Lewis vs. Marcos Rogerio de Lima,Marcos Rogerio de Lima,1,0,2 of 2,0 of 0,---,0,0,0:00,1 of 1,100%,1 of 1,0 of 0,0 of 0,0 of 0,0 of 0,1 of 1
UFC 291: Poirier vs. Gaethje 2,Tony Ferguson vs. Bobby Green,Tony Ferguson,1,0,15 of 43,0 of 1,0%,0,0,0:13,14 of 42,33%,11 of 33,2 of 6,1 of 3,14 of 42,0 of 0,0 of 0
UFC 291: Poirier vs. Gaethje 2,Tony Ferguson vs. Bobby Green,Tony Ferguson,2,0,23 of 48,0 of 2,0%,0,0,0:00,16 of 36,44%,14 of 32,2 of 4,0 of 0,13 of 32,1 of 1,2 of 3
UFC 291: Poirier vs. Gaethje 2,Tony Ferguson vs. Bobby Green,Tony Ferguson,3,0,24 of 47,0 of 0,---,0,0,0:00,24 of 45,53%,13 of 33,7 of 8,4 of 4,23 of 44,1 of 1,0 of 0
UFC 291: Poirier vs. Gaethje 2,Tony Ferguson vs. Bobby Green,Bobby Green,1,0,40 of 72,0 of 0,---,0,0,0:00,40 of 72,55%,23 of 50,7 of 10,10 of 12,39 of 71,1 of 1,0 of 0
UFC 291: Poirier vs. Gaethje 2,Tony Ferguson vs. Bobby Green,Bobby Green,2,0,57 of 87,0 of 0,---,0,0,2:36,49 of 77,63%,38 of 66,8 of 8,3 of 3,31 of 48,0 of 0,18 of 29
UFC 291: Poirier vs. Gaethje 2,Tony Ferguson vs. Bobby Green,Bobby Green,3,0,48 of 68,0 of 0,---,1,0,0:49,48 of 68,70%,34 of 50,9 of 13,5 of 5,45 of 64,0 of 0,3 of 4
UFC 291: Poirier vs. Gaethje 2,Michael Chiesa vs. Kevin Holland,Michael Chiesa,1,0,6 of 13,0 of 5,0%,0,0,0:15,4 of 11,36%,4 of 11,0 of 0,0 of 0,3 of 7,1 of 4,0 of 0
UFC 291: Poirier vs. Gaethje 2,Michael Chiesa vs. Kevin Holland,Kevin Holland,1,0,12 of 19,0 of 0,---,1,0,0:40,9 of 16,56%,7 of 14,2 of 2,0 of 0,4 of 9,4 of 5,1 of 2
UFC 291: Poirier vs. Gaethje 2,Gabriel Bonfim vs. Trevin Giles,Gabriel Bonfim,1,0,3 of 11,1 of 1,100%,1,0,0:26,3 of 11,27%,2 of 10,1 of 1,0 of 0,3 of 11,0 of 0,0 of 0
UFC 291: Poirier vs. Gaethje 2,Gabriel Bonfim vs. Trevin Giles,Trevin Giles,1,0,1 of 5,0 of 0,---,0,0,0:14,1 of 5,20%,1 of 5,0 of 0,0 of 0,1 of 5,0 of 0,0 of 0
UFC 291: Poirier vs. Gaethje 2,CJ Vergara vs. Vinicius Salvador,CJ Vergara,1,0,20 of 33,0 of 0,---,0,0,0:00,20 of 33,60%,4 of 14,10 of 13,6 of 6,20 of 33,0 of 0,0 of 0
UFC 291: Poirier vs. Gaethje 2,CJ Vergara vs. Vinicius Salvador,CJ Vergara,2,0,45 of 71,0 of 0,---,0,0,0:00,45 of 71,63%,14 of 34,21 of 26,10 of 11,41 of 67,4 of 4,0 of 0
UFC 291: Poirier vs. Gaethje 2,CJ Vergara vs. Vinicius Salvador,CJ Vergara,3,0,44 of 77,0 of 0,---,0,0,0:00,44 of 77,57%,25 of 54,14 of 18,5 of 5,43 of 76,1 of 1,0 of 0
UFC 291: Poirier vs. Gaethje 2,CJ Vergara vs. Vinicius Salvador,Vinicius Salvador,1,0,20 of 40,0 of 0,---,0,0,0:00,20 of 40,50%,8 of 26,3 of 4,9 of 10,20 of 40,0 of 0,0 of 0
UFC 291: Poirier vs. Gaethje 2,CJ Vergara vs. Vinicius Salvador,Vinicius Salvador,2,0,31 of 65,0 of 2,0%,0,0,0:01,30 of 64,46%,19 of 50,6 of 9,5 of 5,29 of 63,1 of 1,0 of 0
UFC 291: Poirier vs. Gaethje 2,CJ Vergara vs. Vinicius Salvador,Vinicius Salvador,3,0,38 of 91,0 of 0,---,0,0,0:00,38 of 91,41%,27 of 78,10 of 12,1 of 1,38 of 91,0 of 0,0 of 0
UFC 291: Poirier vs. Gaethje 2,Roman Kopylov vs. Claudio Ribeiro,Roman Kopylov,1,0,30 of 39,0 of 0,---,0,0,0:00,30 of 39,76%,18 of 26,9 of 10,3 of 3,28 of 36,2 of 3,0 of 0
UFC 291: Poirier vs. Gaethje 2,Roman Kopylov vs. Claudio Ribeiro,Roman Kopylov,2,1,2 of 3,0 of 0,---,0,0,0:03,2 of 3,66%,2 of 3,0 of 0,0 of 0,1 of 2,0 of 0,1 of 1
UFC 291: Poirier vs. Gaethje 2,Roman Kopylov vs. Claudio Ribeiro,Claudio Ribeiro,1,0,32 of 58,0 of 1,0%,0,0,0:16,31 of 57,54%,18 of 44,7 of 7,6 of 6,28 of 54,3 of 3,0 of 0
UFC 291: Poirier vs. Gaethje 2,Roman Kopylov vs. Claudio Ribeiro,Claudio Ribeiro,2,0,1 of 2,0 of 0,---,0,0,0:00,1 of 2,50%,0 of 1,0 of 0,1 of 1,1 of 2,0 of 0,0 of 0
UFC 291: Poirier vs. Gaethje 2,Jake Matthews vs. Darrius Flowers,Jake Matthews,1,0,42 of 68,0 of 1,0%,0,0,0:00,37 of 63,58%,21 of 47,11 of 11,5 of 5,35 of 58,2 of 5,0 of 0
UFC 291: Poirier vs. Gaethje 2,Jake Matthews vs. Darrius Flowers,Jake Matthews,2,0,29 of 45,0 of 0,---,1,0,1:15,23 of 38,60%,19 of 31,3 of 6,1 of 1,12 of 26,0 of 0,11 of 12
UFC 291: Poirier vs. Gaethje 2,Jake Matthews vs. Darrius Flowers,Darrius Flowers,1,0,35 of 61,1 of 1,100%,0,0,1:03,30 of 56,53%,17 of 42,5 of 5,8 of 9,25 of 49,5 of 7,0 of 0
UFC 291: Poirier vs. Gaethje 2,Jake Matthews vs. Darrius Flowers,Darrius Flowers,2,0,6 of 8,0 of 2,0%,0,0,0:00,6 of 8,75%,4 of 6,1 of 1,1 of 1,6 of 8,0 of 0,0 of 0
UFC 291: Poirier vs. Gaethje 2,Matthew Semelsberger vs. Uros Medic,Matthew Semelsberger,1,1,18 of 37,0 of 1,0%,0,0,0:54,17 of 36,47%,10 of 29,5 of 5,2 of 2,9 of 25,1 of 2,7 of 9
UFC 291: Poirier vs. Gaethje 2,Matthew Semelsberger vs. Uros Medic,Matthew Semelsberger,2,0,24 of 58,0 of 0,---,0,0,0:00,24 of 58,41%,12 of 40,3 of 8,9 of 10,23 of 57,1 of 1,0 of 0
UFC 291: Poirier vs. Gaethje 2,Matthew Semelsberger vs. Uros Medic,Matthew Semelsberger,3,0,11 of 26,0 of 1,0%,0,0,0:19,11 of 26,42%,9 of 22,0 of 1,2 of 3,10 of 24,1 of 2,0 of 0
UFC 291: Poirier vs. Gaethje 2,Matthew Semelsberger vs. Uros Medic,Uros Medic,1,0,19 of 32,1 of 1,100%,0,0,0:19,18 of 31,58%,12 of 22,5 of 8,1 of 1,13 of 24,5 of 7,0 of 0
UFC 291: Poirier vs. Gaethje 2,Matthew Semelsberger vs. Uros Medic,Uros Medic,2,0,26 of 56,0 of 0,---,0,0,0:00,25 of 55,45%,16 of 43,7 of 10,2 of 2,24 of 53,1 of 2,0 of 0
UFC 291: Poirier vs. Gaethje 2,Matthew Semelsberger vs. Uros Medic,Uros Medic,3,1,31 of 47,0 of 0,---,0,0,0:03,26 of 42,61%,21 of 33,5 of 9,0 of 0,13 of 27,7 of 9,6 of 6
UFC 291: Poirier vs. Gaethje 2,Miranda Maverick vs. Priscila Cachoeira,Miranda Maverick,1,0,46 of 59,1 of 2,50%,0,0,3:29,16 of 25,64%,9 of 18,5 of 5,2 of 2,7 of 14,0 of 0,9 of 11
UFC 291: Poirier vs. Gaethje 2,Miranda Maverick vs. Priscila Cachoeira,Miranda Maverick,2,0,43 of 56,1 of 5,20%,0,0,3:48,11 of 16,68%,7 of 11,1 of 1,3 of 4,6 of 11,1 of 1,4 of 4
UFC 291: Poirier vs. Gaethje 2,Miranda Maverick vs. Priscila Cachoeira,Miranda Maverick,3,0,16 of 17,1 of 2,50%,1,0,1:37,9 of 10,90%,7 of 8,2 of 2,0 of 0,3 of 4,1 of 1,5 of 5
UFC 291: Poirier vs. Gaethje 2,Miranda Maverick vs. Priscila Cachoeira,Priscila Cachoeira,1,0,5 of 10,0 of 0,---,0,0,0:00,4 of 9,44%,1 of 5,2 of 3,1 of 1,4 of 9,0 of 0,0 of 0
UFC 291: Poirier vs. Gaethje 2,Miranda Maverick vs. Priscila Cachoeira,Priscila Cachoeira,2,0,4 of 10,0 of 0,---,0,0,0:00,3 of 9,33%,3 of 9,0 of 0,0 of 0,3 of 9,0 of 0,0 of 0
UFC 291: Poirier vs. Gaethje 2,Miranda Maverick vs. Priscila Cachoeira,Priscila Cachoeira,3,0,4 of 6,0 of 0,---,0,0,0:00,4 of 5,80%,3 of 4,0 of 0,1 of 1,3 of 4,0 of 0,1 of 1
UFC Fight Night: Aspinall vs. Tybura,Tom Aspinall vs. Marcin Tybura,Tom Aspinall,1,1,13 of 18,0 of 0,---,0,0,0:05,13 of 18,72%,12 of 17,1 of 1,0 of 0,7 of 10,0 of 0,6 of 8
UFC Fight Night: Aspinall vs. Tybura,Tom Aspinall vs. Marcin Tybura,Marcin Tybura,1,0,4 of 15,0 of 0,---,0,0,0:00,4 of 15,26%,2 of 13,2 of 2,0 of 0,4 of 15,0 of 0,0 of 0
UFC Fight Night: Aspinall vs. Tybura,Molly McCann vs. Julija Stoliarenko,Molly McCann,1,0,6 of 16,0 of 0,---,0,0,0:07,6 of 16,37%,1 of 11,4 of 4,1 of 1,6 of 16,0 of 0,0 of 0
UFC Fight Night: Aspinall vs. Tybura,Molly McCann vs. Julija Stoliarenko,Julija Stoliarenko,1,0,9 of 29,1 of 1,100%,1,0,0:19,9 of 29,31%,4 of 20,2 of 3,3 of 6,9 of 29,0 of 0,0 of 0
UFC Fight Night: Aspinall vs. Tybura,Nathaniel Wood vs. Andre Fili,Nathaniel Wood,1,1,37 of 69,0 of 0,---,0,0,1:23,37 of 69,53%,21 of 48,4 of 7,12 of 14,24 of 44,0 of 0,13 of 25
UFC Fight Night: Aspinall vs. Tybura,Nathaniel Wood vs. Andre Fili,Nathaniel Wood,2,0,34 of 41,1 of 1,100%,0,0,0:24,10 of 15,66%,4 of 9,1 of 1,5 of 5,10 of 15,0 of 0,0 of 0
UFC Fight Night: Aspinall vs. Tybura,Nathaniel Wood vs. Andre Fili,Nathaniel Wood,3,0,37 of 64,0 of 1,0%,0,0,0:00,37 of 64,57%,13 of 33,5 of 10,19 of 21,37 of 64,0 of 0,0 of 0
UFC Fight Night: Aspinall vs. Tybura,Nathaniel Wood vs. Andre Fili,Andre Fili,1,0,20 of 52,0 of 1,0%,0,0,0:00,17 of 49,34%,15 of 45,0 of 2,2 of 2,17 of 49,0 of 0,0 of 0
UFC Fight Night: Aspinall vs. Tybura,Nathaniel Wood vs. Andre Fili,Andre Fili,2,1,32 of 59,0 of 0,---,0,1,2:55,17 of 34,50%,14 of 31,2 of 2,1 of 1,12 of 27,3 of 5,2 of 2
UFC Fight Night: Aspinall vs. Tybura,Nathaniel Wood vs. Andre Fili,Andre Fili,3,0,24 of 68,0 of 1,0%,0,0,0:00,24 of 68,35%,16 of 58,5 of 6,3 of 4,24 of 68,0 of 0,0 of 0
UFC Fight Night: Aspinall vs. Tybura,Paul Craig vs. Andre Muniz,Paul Craig,1,0,10 of 26,0 of 0,---,0,0,0:00,9 of 25,36%,1 of 10,7 of 14,1 of 1,9 of 25,0 of 0,0 of 0
UFC Fight Night: Aspinall vs. Tybura,Paul Craig vs. Andre Muniz,Paul Craig,2,0,44 of 75,2 of 2,100%,1,0,2:56,31 of 57,54%,30 of 56,1 of 1,0 of 0,1 of 7,0 of 0,30 of 50
UFC Fight Night: Aspinall vs. Tybura,Paul Craig vs. Andre Muniz,Andre Muniz,1,0,15 of 25,1 of 1,100%,0,0,0:45,13 of 23,56%,4 of 13,2 of 3,7 of 7,13 of 23,0 of 0,0 of 0
UFC Fight Night: Aspinall vs. Tybura,Paul Craig vs. Andre Muniz,Andre Muniz,2,0,16 of 22,1 of 1,100%,0,0,1:02,11 of 17,64%,11 of 17,0 of 0,0 of 0,2 of 4,1 of 1,8 of 12
UFC Fight Night: Aspinall vs. Tybura,Jai Herbert vs. Fares Ziam,Jai Herbert,1,0,15 of 46,0 of 0,---,0,0,1:08,14 of 42,33%,1 of 24,6 of 9,7 of 9,12 of 38,2 of 4,0 of 0
UFC Fight Night: Aspinall vs. Tybura,Jai Herbert vs. Fares Ziam,Jai Herbert,2,0,22 of 53,0 of 3,0%,0,0,2:04,15 of 44,34%,2 of 28,11 of 14,2 of 2,9 of 36,6 of 8,0 of 0
UFC Fight Night: Aspinall vs. Tybura,Jai Herbert vs. Fares Ziam,Jai Herbert,3,0,21 of 51,0 of 3,0%,0,0,1:00,20 of 48,41%,4 of 27,6 of 8,10 of 13,17 of 45,3 of 3,0 of 0
UFC Fight Night: Aspinall vs. Tybura,Jai Herbert vs. Fares Ziam,Fares Ziam,1,0,34 of 47,0 of 1,0%,0,0,0:34,20 of 32,62%,8 of 17,8 of 9,4 of 6,13 of 24,7 of 8,0 of 0
UFC Fight Night: Aspinall vs. Tybura,Jai Herbert vs. Fares Ziam,Fares Ziam,2,0,34 of 54,1 of 1,100%,0,0,0:16,20 of 38,52%,12 of 28,6 of 8,2 of 2,14 of 30,6 of 8,0 of 0
UFC Fight Night: Aspinall vs. Tybura,Jai Herbert vs. Fares Ziam,Fares Ziam,3,0,28 of 52,0 of 3,0%,0,0,0:40,21 of 43,48%,9 of 29,5 of 6,7 of 8,18 of 39,3 of 4,0 of 0
UFC Fight Night: Aspinall vs. Tybura,Lerone Murphy vs. Josh Culibao,Lerone Murphy,1,0,18 of 37,0 of 1,0%,0,0,1:13,18 of 37,48%,8 of 25,5 of 6,5 of 6,15 of 33,3 of 4,0 of 0
UFC Fight Night: Aspinall vs. Tybura,Lerone Murphy vs. Josh Culibao,Lerone Murphy,2,0,24 of 38,1 of 1,100%,0,0,2:39,12 of 23,52%,6 of 15,4 of 5,2 of 3,7 of 18,3 of 3,2 of 2
UFC Fight Night: Aspinall vs. Tybura,Lerone Murphy vs. Josh Culibao,Lerone Murphy,3,1,45 of 69,2 of 3,66%,2,0,3:46,29 of 49,59%,23 of 41,6 of 7,0 of 1,2 of 10,6 of 7,21 of 32
UFC Fight Night: Aspinall vs. Tybura,Lerone Murphy vs. Josh Culibao,Josh Culibao,1,0,20 of 43,0 of 0,---,0,0,0:08,11 of 34,32%,7 of 26,2 of 3,2 of 5,10 of 33,1 of 1,0 of 0
UFC Fight Night: Aspinall vs. Tybura,Lerone Murphy vs. Josh Culibao,Josh Culibao,2,0,14 of 24,0 of 2,0%,0,0,0:48,7 of 16,43%,5 of 14,2 of 2,0 of 0,5 of 13,2 of 3,0 of 0
UFC Fight Night: Aspinall vs. Tybura,Lerone Murphy vs. Josh Culibao,Josh Culibao,3,0,6 of 10,0 of 0,---,0,0,0:34,5 of 9,55%,4 of 8,1 of 1,0 of 0,4 of 7,1 of 2,0 of 0
UFC Fight Night: Aspinall vs. Tybura,Davey Grant vs. Daniel Marcos,Davey Grant,1,0,16 of 49,0 of 0,---,0,0,0:00,16 of 49,32%,1 of 28,7 of 10,8 of 11,16 of 49,0 of 0,0 of 0
UFC Fight Night: Aspinall vs. Tybura,Davey Grant vs. Daniel Marcos,Davey Grant,2,0,26 of 75,0 of 0,---,0,0,0:00,26 of 75,34%,9 of 48,8 of 15,9 of 12,26 of 75,0 of 0,0 of 0
UFC Fight Night: Aspinall vs. Tybura,Davey Grant vs. Daniel Marcos,Davey Grant,3,0,28 of 91,0 of 1,0%,0,0,0:06,28 of 91,30%,7 of 51,12 of 30,9 of 10,28 of 89,0 of 2,0 of 0
UFC Fight Night: Aspinall vs. Tybura,Davey Grant vs. Daniel Marcos,Daniel Marcos,1,0,13 of 35,0 of 0,---,0,0,0:00,13 of 35,37%,1 of 15,2 of 8,10 of 12,13 of 35,0 of 0,0 of 0
UFC Fight Night: Aspinall vs. Tybura,Davey Grant vs. Daniel Marcos,Daniel Marcos,2,0,15 of 51,0 of 0,---,0,0,0:00,15 of 51,29%,4 of 33,3 of 8,8 of 10,14 of 50,1 of 1,0 of 0
UFC Fight Night: Aspinall vs. Tybura,Davey Grant vs. Daniel Marcos,Daniel Marcos,3,0,21 of 55,1 of 1,100%,0,0,0:13,20 of 54,37%,16 of 42,1 of 8,3 of 4,20 of 54,0 of 0,0 of 0
UFC Fight Night: Aspinall vs. Tybura,Danny Roberts vs. Jonny Parsons,Danny Roberts,1,0,25 of 60,0 of 0,---,0,0,0:00,25 of 60,41%,13 of 45,10 of 13,2 of 2,25 of 60,0 of 0,0 of 0
UFC Fight Night: Aspinall vs. Tybura,Danny Roberts vs. Jonny Parsons,Danny Roberts,2,0,19 of 74,0 of 2,0%,0,0,0:05,19 of 73,26%,14 of 66,4 of 6,1 of 1,19 of 72,0 of 1,0 of 0
UFC Fight Night: Aspinall vs. Tybura,Danny Roberts vs. Jonny Parsons,Jonny Parsons,1,0,20 of 50,0 of 0,---,0,0,0:00,20 of 50,40%,7 of 32,6 of 10,7 of 8,19 of 48,1 of 2,0 of 0
UFC Fight Night: Aspinall vs. Tybura,Danny Roberts vs. Jonny Parsons,Jonny Parsons,2,2,49 of 83,0 of 0,---,0,0,1:26,43 of 74,58%,35 of 63,6 of 9,2 of 2,32 of 53,6 of 13,5 of 8
UFC Fight Night: Aspinall vs. Tybura,Marc Diakiese vs. Joel Alvarez,Marc Diakiese,1,0,20 of 47,0 of 0,---,0,0,0:14,19 of 42,45%,7 of 22,6 of 11,6 of 9,19 of 42,0 of 0,0 of 0
UFC Fight Night: Aspinall vs. Tybura,Marc Diakiese vs. Joel Alvarez,Marc Diakiese,2,0,9 of 13,2 of 3,66%,0,0,2:55,1 of 4,25%,1 of 3,0 of 0,0 of 1,1 of 4,0 of 0,0 of 0
UFC Fight Night: Aspinall vs. Tybura,Marc Diakiese vs. Joel Alvarez,Joel Alvarez,1,0,31 of 62,0 of 1,0%,0,0,0:28,31 of 62,50%,15 of 42,7 of 11,9 of 9,31 of 62,0 of 0,0 of 0
UFC Fight Night: Aspinall vs. Tybura,Marc Diakiese vs. Joel Alvarez,Joel Alvarez,2,0,33 of 36,0 of 0,---,1,0,0:58,11 of 13,84%,5 of 7,5 of 5,1 of 1,6 of 8,2 of 2,3 of 3
UFC Fight Night: Aspinall vs. Tybura,Mick Parkin vs. Jamal Pogues,Mick Parkin,1,0,32 of 50,0 of 0,---,0,0,0:00,32 of 50,64%,12 of 30,2 of 2,18 of 18,32 of 48,0 of 2,0 of 0
UFC Fight Night: Aspinall vs. Tybura,Mick Parkin vs. Jamal Pogues,Mick Parkin,2,0,22 of 37,0 of 0,---,0,0,0:00,19 of 34,55%,5 of 17,3 of 6,11 of 11,17 of 32,2 of 2,0 of 0
UFC Fight Night: Aspinall vs. Tybura,Mick Parkin vs. Jamal Pogues,Mick Parkin,3,0,44 of 72,0 of 0,---,0,0,0:00,44 of 72,61%,20 of 47,11 of 12,13 of 13,43 of 71,1 of 1,0 of 0
UFC Fight Night: Aspinall vs. Tybura,Mick Parkin vs. Jamal Pogues,Jamal Pogues,1,0,22 of 80,0 of 1,0%,0,0,0:16,21 of 79,26%,13 of 71,1 of 1,7 of 7,20 of 78,1 of 1,0 of 0
UFC Fight Night: Aspinall vs. Tybura,Mick Parkin vs. Jamal Pogues,Jamal Pogues,2,0,7 of 30,0 of 0,---,0,0,0:56,7 of 30,23%,5 of 27,1 of 2,1 of 1,6 of 28,1 of 2,0 of 0
UFC Fight Night: Aspinall vs. Tybura,Mick Parkin vs. Jamal Pogues,Jamal Pogues,3,0,8 of 26,0 of 0,---,0,0,0:05,8 of 26,30%,4 of 21,2 of 3,2 of 2,8 of 26,0 of 0,0 of 0
UFC Fight Night: Aspinall vs. Tybura,Makhmud Muradov vs. Bryan Barberena,Makhmud Muradov,1,0,16 of 30,3 of 4,75%,0,0,2:34,9 of 22,40%,4 of 14,5 of 8,0 of 0,7 of 17,1 of 4,1 of 1
UFC Fight Night: Aspinall vs. Tybura,Makhmud Muradov vs. Bryan Barberena,Makhmud Muradov,2,1,21 of 34,6 of 6,100%,0,0,1:53,16 of 28,57%,15 of 26,1 of 2,0 of 0,15 of 25,0 of 0,1 of 3
UFC Fight Night: Aspinall vs. Tybura,Makhmud Muradov vs. Bryan Barberena,Makhmud Muradov,3,1,31 of 50,4 of 6,66%,0,0,0:43,29 of 47,61%,20 of 37,9 of 10,0 of 0,24 of 37,4 of 7,1 of 3
UFC Fight Night: Aspinall vs. Tybura,Makhmud Muradov vs. Bryan Barberena,Bryan Barberena,1,0,28 of 46,0 of 0,---,0,0,0:00,6 of 22,27%,1 of 13,1 of 1,4 of 8,6 of 21,0 of 1,0 of 0
UFC Fight Night: Aspinall vs. Tybura,Makhmud Muradov vs. Bryan Barberena,Bryan Barberena,2,0,30 of 45,0 of 0,---,0,0,0:00,8 of 22,36%,4 of 15,0 of 0,4 of 7,7 of 21,1 of 1,0 of 0
UFC Fight Night: Aspinall vs. Tybura,Makhmud Muradov vs. Bryan Barberena,Bryan Barberena,3,0,23 of 47,0 of 1,0%,0,0,0:02,14 of 37,37%,8 of 28,1 of 3,5 of 6,14 of 37,0 of 0,0 of 0
